t,ekf_position,ekf_yaw,odom_position,odom_yaw
432.639,0.030995320799831857,0.003505192582399441,5.533054454160001e-07,6.960274451925019e-08
432.639,0.03099722445457528,0.003505298659826596,2.4762627370621694e-06,1.7568017167450973e-07
432.73900000000003,0.030999935631049462,0.0035053430891881805,2.6693201880788913e-06,5.90946365582608e-08
432.73900000000003,0.031002647867294543,0.003505432116349814,5.407186381017436e-06,1.481217981917886e-07
432.839,0.03101685543389002,0.003182009798103561,1.9481934142744936e-06,1.279375792909585e-07
432.839,0.031017572879994862,0.003182094774178876,2.673872757829005e-06,2.1291365460569832e-07
432.939,0.031016934956720584,0.0031820597074155893,5.87787648778392e-07,1.1569373469904014e-08
432.939,0.03101528074733967,0.0031819930999692245,2.251298600069427e-06,7.817681983488631e-08
433.03900000000004,0.03130278411592016,0.0030915922824153795,2.1459712037905796e-06,6.019736148548237e-08
433.03900000000004,0.03130074251728022,0.0030915458320275183,4.199041495589296e-06,1.0664774934586585e-07
433.139,0.03129937237609877,0.00309150319766413,1.3169404056080762e-06,3.139619202475706e-08
433.139,0.031299094702222814,0.003091500202422745,1.594037086442324e-06,3.439143340998151e-08
433.23900000000003,0.03113489783749337,0.0034389021327910236,7.632157912955491e-07,6.481276689652141e-08
433.23900000000003,0.031136389092087994,0.0034389741866239897,2.266499247427939e-06,1.3686659986301432e-07
433.339,0.031138097205272205,0.0034390064424911853,1.7006774692658106e-06,4.6438643338512256e-08
433.339,0.03113954966305541,0.0034390773874010193,3.165320333682706e-06,1.1738355317318677e-07
433.439,0.031238612487502,0.0035231119354747916,8.263421852821496e-07,8.097378284016788e-08
433.439,0.031238616954450404,0.0035231431766714347,8.33351644560275e-07,1.1221497948328839e-07
433.53900000000004,0.03123785583744378,0.0035230914915353384,6.955763972800498e-07,2.7963923346520424e-08
433.53900000000004,0.03123663944050558,0.0035230451996995436,1.916313584100514e-06,7.42557591412961e-08
433.639,0.03110593624975191,0.003611039303611093,1.2909850539400318e-06,2.9206781220162502e-08
433.639,0.031104878238918596,0.0036110177502492987,2.351610289924029e-06,5.07601430145829e-08
433.73900000000003,0.031104359966021188,0.003610989924976653,5.160472286268555e-07,1.778071074228565e-08
433.73900000000003,0.031104473546025985,0.003611002344950356,4.017346200391812e-07,5.360737039594307e-09
433.839,0.031061513484327317,0.0034064447159701493,6.524504094611382e-07,4.146977566243661e-08
433.839,0.031062534801319663,0.003406504714891437,1.6798797806375976e-06,1.0146869695025763e-07
433.939,0.031063556050904433,0.0034065603318963076,1.0282764369493279e-06,6.141104285984897e-08
433.939,0.031064307334830694,0.0034066099306464303,1.7844903696286248e-06,1.1100979298246317e-07
434.03900000000004,0.031125216030148777,0.003585746573884636,3.274708948082022e-07,2.8460334210148582e-08
434.03900000000004,0.031125038776077005,0.0035857542001336527,1.5355919949981745e-07,3.60865832272908e-08
434.139,0.031124416387449633,0.0035857297528340457,5.637787021993963e-07,7.400460816969737e-09
434.139,0.03112362723652662,0.0035857102971869797,1.3551876161275968e-06,2.68561078836068e-08
434.23900000000003,0.03114923640781154,0.003680289003078574,7.610027103982019e-07,2.3427061400346173e-08
434.23900000000003,0.031148707040167364,0.003680277676177765,1.2915360015559108e-06,3.475396220975092e-08
434.339,0.03114852757370491,0.0036802761258085573,1.7401510963003866e-07,7.147313464132023e-09
434.339,0.031148788319148045,0.003680297602447916,9.366549912118631e-08,2.8623952822991707e-08
434.439,0.031142959319942255,0.0036099282049955645,5.250542135740542e-07,3.2552021517727114e-08
434.439,0.031143624799542698,0.0036099704867142406,1.1952512660128176e-06,7.483374019358568e-08
434.53900000000004,0.031144207947309526,0.0036100049210517605,5.974080083975449e-07,4.345260432382758e-08
434.53900000000004,0.031144591984174054,0.0036100371940392087,9.847645889803531e-07,7.572559177196355e-08
434.639,0.031244502335539572,0.0036327031302202076,6.823179623802539e-08,1.5438854229155456e-08
434.639,0.03124426504115614,0.003632705530956652,1.719803563368843e-07,1.783959067320093e-08
434.73900000000003,0.03124380582347057,0.00363268471394953,4.2918493441903846e-07,5.755013284356354e-09
434.73900000000003,0.03124327039471756,0.0036326741481927717,9.66538066462394e-07,1.6320770042472684e-08
434.83900000000006,0.03132217449941783,0.0036315699833950085,4.151018784901863e-07,1.0268488436849374e-08
434.83900000000006,0.03132194661134324,0.0036315691976858662,6.431926862415831e-07,1.1054197578538287e-08
434.939,0.03132196255138644,0.003631572319472724,3.627202565353582e-08,1.2723804894698303e-08
434.939,0.03132221999718359,0.0036315961495683303,2.950969377287556e-07,3.655390050141159e-08
435.03900000000004,0.03136267873727444,0.0034994425897294586,3.8501248529753223e-07,2.8691089876368246e-08
435.03900000000004,0.03136308276649663,0.0034994737979471926,7.919024417031792e-07,5.989930761021966e-08
435.139,0.03136336981971698,0.003499490337590852,3.0214425114452764e-07,2.756728729599395e-08
435.139,0.03136352329309466,0.0034995091668982604,4.5754017550549397e-07,4.639659470418828e-08
435.23900000000003,0.03129416035810139,0.0033845916823672844,5.0755562423197904e-08,9.57514536945187e-09
435.23900000000003,0.031293957733241465,0.0033845931516396075,2.5312169081713043e-07,1.1044417692629489e-08
435.33900000000006,0.03129362612536947,0.0033845771602815005,2.9809893158849836e-07,2.030410197611229e-09
435.33900000000006,0.03129333519246492,0.003384574389766785,5.895535355122258e-07,4.800924913522817e-09
435.439,0.031316070044654656,0.003216664413786293,2.0348525672761835e-07,2.1493943747906665e-09
435.439,0.03131601955290158,0.003216668761452299,2.537859482096178e-07,6.497060380568715e-09
435.53900000000004,0.03131609496629879,0.0032166691286382855,9.105903941245322e-08,1.0932189541830412e-08
435.53900000000004,0.03131631839536876,0.003216689564427332,3.1641686513712053e-07,3.136797858847775e-08
435.639,0.03133918798430724,0.0032795280816757025,2.511586457843364e-07,3.071519995845309e-08
435.639,0.03133940857459251,0.003279558779798787,4.7348412953683574e-07,6.141332304224842e-08
435.73900000000003,0.03133953052155028,0.003279550844794256,1.4577212892399505e-07,7.300185751624058e-09
435.73900000000003,0.03133955756333425,0.0032795533797539945,1.7424624184812645e-07,9.835145490146843e-09
435.83900000000006,0.03139464294836807,0.00322143466221854,6.300028016735852e-08,1.191509364193774e-08
435.83900000000006,0.0313945149823192,0.003221446368259199,1.9089015877417027e-07,2.362113430105317e-08
435.939,0.03139431542467214,0.0032214378489455386,1.6748341492423466e-07,4.1159309000979396e-09
435.939,0.03139417674115659,0.003221437163873969,3.062201300609852e-07,3.4308593302467815e-09
436.03900000000004,0.03133573315692711,0.0030699219309308487,9.047709041889227e-08,2.777350505218305e-09
436.03900000000004,0.031335732371173625,0.0030699287747022385,9.160289330978202e-08,4.066420885059902e-09
436.139,0.03133577305096988,0.0030699361329854084,6.55918805590011e-08,1.62341454729214e-08
436.139,0.03133589848505854,0.003069961983797937,1.9241458525290508e-07,4.2084958001353826e-08
436.23900000000003,0.03130944499636646,0.002903761371187722,1.3205146693765265e-07,4.613773125286395e-08
436.23900000000003,0.03130957563229347,0.0029037624792320684,2.6380042627622414e-07,4.724577559901437e-08
436.33900000000006,0.03167256940722109,0.0031944337300650115,0.0003641343711321787,0.00029069291427800915
436.33900000000006,0.03282020334738139,0.010534437353633382,0.0015149106807001986,0.007630696537846377
436.439,0.03278985297120851,0.014597712265575043,0.0015177393345975174,0.018268405492592725
436.439,0.035146454318341395,0.039607834313550166,0.003875710759546393,0.04327852754056784
436.53900000000004,0.0338897398637369,0.028435216649536948,0.0026922671566317986,0.027777518083724834
436.53900000000004,0.03747759984690048,0.06086644228865676,0.006279967273235341,0.06020874372284464
436.639,0.034883728893409856,0.03434088993397899,0.004578008823452515,0.043137398545193426
436.639,0.03977299393914837,0.0912670771955672,0.009483306550295697,0.10006358580678164
436.73900000000003,0.035828083269435554,0.053582882683959714,0.005741554509498909,0.05775355371891591
436.73900000000003,0.04187016706197319,0.11462881905499893,0.011879542352967004,0.11879949008995513
436.83900000000006,0.03235104733815215,0.05732341318796707,0.006704280561295418,0.0646098041383596
436.83900000000006,0.03945571282860508,0.13296698636337018,0.014069142537291465,0.14025337731376267
436.939,0.03330871097293032,0.07112159540965063,0.008234332501266305,0.07996726305187263
436.939,0.041316293772298195,0.15135794984284562,0.016832364169439246,0.16020361748506762
437.03900000000004,0.04290321111617661,0.08061520113918952,0.009220502226301464,0.07292850338496304
437.03900000000004,0.05190256260438785,0.14453485857359916,0.019100957843630216,0.13684816081937268
437.139,0.04306682802124056,0.06429181452867727,0.010332148665628467,0.05615045037584553
437.139,0.052680248999065704,0.11566702959558561,0.021232836272333855,0.10752566544275388
437.23900000000003,0.05114653514680281,0.017720282060879167,0.010596253296859556,0.04723321305488703
437.23900000000003,0.06077432005039293,0.058083378111534856,0.02152006554134797,0.08759630910554272
437.33900000000006,0.05091230078115126,0.005702852730754215,0.010627070033463635,0.03342149242350689
437.33900000000006,0.060242220306910774,0.03251001547165699,0.021578084709099696,0.06022865516440968
437.439,0.03586408426128219,0.014488546445037054,0.010656623028263501,0.022293339799603688
437.439,0.044919482493604654,0.0013907612110550804,0.021622470573288786,0.03817264745569582
437.53900000000004,0.03612486121940125,0.02582079294500339,0.01068163864223962,0.009896866657115089
437.53900000000004,0.04502626789373341,0.02319179626874579,0.021665613447516684,0.012525863333372689
437.639,0.03418199266415911,0.02477155995484015,0.010709135840417971,0.002233237658936238
437.639,0.04338162617238437,0.03357959059907367,0.02170121730262531,0.01104126830316976
437.73900000000003,0.0346841727881601,0.03532635382028171,0.010795551072246308,0.013259808285516872
437.73900000000003,0.04395369452539808,0.04530004525956399,0.021809567618017597,0.023233499724799152
437.83900000000006,0.035290355212994014,0.023507819351293424,0.010787864466470374,0.004811346815903006
437.83900000000006,0.045163053562440485,0.026054976066418822,0.021789721948340515,0.007358503531028403
437.939,0.03552571360725436,0.01860045743110006,0.01078429674585485,0.0027536606825557808
437.939,0.045376565793518606,0.021700904075732108,0.02178869161900245,0.00585410732718783
438.03900000000004,0.04417778237196952,0.01840563553665575,0.010781789077919907,0.001849851294015492
438.03900000000004,0.05478240053114998,0.018499631142171236,0.021784508987211255,0.0019438468995309766
438.139,0.044298802936299106,0.015776459618609184,0.010780534832124525,0.0006889506904732556
438.139,0.05487466484963392,0.015687492150211257,0.021777843655120352,0.0007779181588711826
438.23900000000003,0.03699978419382707,0.020366700748100097,0.010777906428339614,0.0002655813005960628
438.23900000000003,0.04736285522034732,0.020527248592461463,0.021777492787498617,0.0004261291449574323
438.33900000000006,0.03717951064232922,0.020421326102825432,0.01078139961967602,0.00010273469701971294
438.33900000000006,0.047502924366680535,0.02042902203174979,0.02177783344984435,0.00011043062594406904
438.439,0.04166579169714555,0.019186553448303334,0.010778624093519694,0.00022960736684041194
438.439,0.0522308321580542,0.01828783650544352,0.021775452323927247,0.0011283243097002238
438.53900000000004,0.041798997547914614,0.018462441621940325,0.010779186799994117,0.0010319900059845288
438.53900000000004,0.05233440587524028,0.017700302532669406,0.021777523716733187,0.0017941290952554478
438.639,0.03514313951529772,0.016513954710741796,0.01077819491359769,0.0006213311610361316
438.639,0.045261913741199415,0.01567219039198764,0.021778855792866213,0.0014630954797902882
438.73900000000003,0.03530551195430006,0.016339742666350743,0.010775998310548932,0.0009779264577367552
438.73900000000003,0.045378083816346386,0.01541887658440677,0.021773427467180643,0.001898792539680727
438.83900000000006,0.057438502547443655,0.021052098384332755,0.010778815746390393,0.0008509257168001216
438.83900000000006,0.0682785155073744,0.019792617341270576,0.021775079610603265,0.002110406759862293
438.939,0.05752369648603667,0.020649700122103987,0.010776086128935793,0.0014825629116692607
438.939,0.06834596342179652,0.01937244720584408,0.021773403780898336,0.0027598158279291685
439.03900000000004,0.04123100370096767,0.0011006889796372212,0.010776367806199852,0.0014765125647546729
439.03900000000004,0.052035539041100115,0.003888937215633215,0.02176987503934294,0.006466138760025109
439.139,0.04121323516072181,0.002887354464629066,0.010770235270456782,0.006953448655763194
439.139,0.051993291756154206,0.007808083515737918,0.021762394140875718,0.011874177706872047
439.23900000000003,0.032203454994168206,0.01887863650573851,0.010777303452019035,0.002286587386096439
439.23900000000003,0.04280289941505004,0.018905606793044868,0.021775372978044435,0.0022596170987900788
439.33900000000006,0.032353881555339956,0.022617169171619714,0.010780855419464929,0.000547342946086049
439.33900000000006,0.04291827424638765,0.022100669289701447,0.0217781238178773,3.084306416778482e-05
439.439,0.039065616411987636,0.016483008098480138,0.010777792154628422,0.0010427129580161676
439.439,0.049837026627670394,0.014924362482185982,0.021773483613280565,0.0026013585743103196
439.53900000000004,0.039143511031544585,0.015517014173818122,0.01077674912369267,0.002002170781360002
439.53900000000004,0.04989013163219132,0.013645723532572207,0.021773227779193414,0.003873461422605917
439.639,0.032366067999970244,0.02034215011605922,0.010777566537441814,0.0013893610203561393
439.639,0.04268178766132274,0.020144377769424127,0.0217781575738919,0.0015871333669912335
439.73900000000003,0.032560878761900745,0.022138570236366117,0.010781622407879771,0.0008074075972659411
439.73900000000003,0.04283519526550331,0.022390825443539653,0.02178202065528576,0.001059662804439476
439.83900000000006,0.05418579694468578,0.007992397881480207,0.010778205744458449,0.0007652698455036244
439.83900000000006,0.06498749891018213,0.011958508433985937,0.021771051867488036,0.004731380398009355
439.939,0.05412290801998316,0.013004696043457109,0.010769042040653246,0.0073942082489080185
439.939,0.06490350066263531,0.019400721406505728,0.021758035992396587,0.013790233611956637
440.03900000000004,0.03387352020027308,0.0018078514341470786,0.010775320623094081,0.0028111786523987714
440.03900000000004,0.04421091567809577,0.002232123147244636,0.02177273549604891,0.0032354503654963285
440.139,0.03387231855191997,0.0016331684423134263,0.010777032648774639,0.0015110491289112016
440.139,0.044197027984801365,0.0013280625725022865,0.021773188118868234,0.004472280143726914
440.23900000000003,0.043313514330842746,0.057047008518044784,0.010679585655866138,0.002346345138698469
440.23900000000003,0.05418451093171804,0.06350628785972989,0.02166618849371713,0.008805624480383578
440.33900000000006,0.043209042209989,0.0648319697053259,0.01075611560945718,0.01567062780518169
440.33900000000006,0.05406923150775835,0.08168929689419535,0.02172923140555208,0.03252795499405114
440.439,0.05523896051745387,0.017613331317642977,0.010768081655842152,0.00851535774551615
440.439,0.06620308141413729,0.015585702426505588,0.0217679145304364,0.00648772885437876
440.53900000000004,0.05522175819853257,0.004311347085249828,0.01078070406476082,0.0015362134416030402
440.53900000000004,0.0661849494271676,0.008640088141450564,0.021775444954248453,0.0027925276145976947
440.639,0.045861890252449,0.010141587419132845,0.010773188900280528,0.004919001231066922
440.639,0.05682381295346204,0.0117896399931543,0.021769517822564224,0.006567053805088374
440.73900000000003,0.0458399599209037,0.007060005409223136,0.010777727580335456,0.0004868063426020086
440.73900000000003,0.05680311705777838,0.009355643095848574,0.021773416740575133,0.0027824440292274484
440.83900000000006,0.0475577880627642,0.0028370677633173806,0.010515370957654181,0.003321624366896092
440.83900000000006,0.05810812826131727,0.004761486207644605,0.021090903778099083,0.005246042811223317
440.939,0.04713704714334215,0.0016683539239177314,0.010104409828860112,0.0006350487826674023
440.939,0.05685730415460641,0.003682395595879129,0.0198492748566659,0.0026490904546287997
441.03900000000004,0.07147945009257059,0.016702131013845767,0.009600792321081814,0.0029967955035024034
441.03900000000004,0.08135415205028133,0.02191274906781704,0.019475496517903895,0.008207413557473675
441.139,0.07105550009285566,0.01972725828703914,0.009190252162185518,0.00660051703719744
441.139,0.08009726919741238,0.023134452126658323,0.0182323322178545,0.010007710876816622
441.23900000000003,0.050642641182730604,0.0036275265913494614,0.008240995400694952,0.002311952164657738
441.23900000000003,0.05843478283822594,0.005782093435819258,0.01603356001412728,0.004466519009127534
441.33900000000006,0.04959185323109256,0.0030655892569164673,0.00719793070504462,0.002750107783414224
441.33900000000006,0.05642050855857678,0.00518211176057326,0.014027320745105104,0.0048666302870710165
441.439,0.0637116991615066,0.010727972180264445,0.006737760356228582,0.002333029464532954
441.439,0.07058722431371112,0.017050816186247264,0.013615509897830348,0.008655873470515774
441.53900000000004,0.06344615573452377,0.015481225677267396,0.006482232293796038,0.008911247129962163
441.53900000000004,0.06969803054021595,0.018546126407942287,0.012734653111921575,0.011976147860637054
441.639,0.029903057390511613,0.004254856848629585,0.005820740400539875,0.0001227737018356656
441.639,0.03496650995688272,0.0010300288447446795,0.01088506803067642,0.005162111991538598
441.73900000000003,0.02818689015548041,0.00042989273102089776,0.004115292328228604,0.007932459620830778
441.73900000000003,0.0323564648179336,0.004193305739381481,0.008284881688464654,0.012555658091233157
441.83900000000006,0.039941157698517596,0.007725398804522055,0.004178443214157896,0.0023321267965659143
441.83900000000006,0.0442142184905042,0.013615427128897073,0.008452972063941048,0.008222155120940931
441.939,0.039633418460370516,0.010364309003901173,0.003886410848305357,0.008314587746224289
441.939,0.04355588835832095,0.01634420130599379,0.007809177799389983,0.014294480048316904
442.03900000000004,0.03586537790395645,0.0020859213722983494,0.0036290568554353674,0.0019963218720679965
442.03900000000004,0.0393263037199131,1.5914200580002813e-05,0.007091218931123634,7.368529965035009e-05
442.139,0.03481828778082288,0.00308922866979211,0.0025846471148460374,0.00120841787616377
442.139,0.03702821157433368,0.0025263387258041003,0.004795302361502091,0.0006455279321757601
442.23900000000003,0.0387739933138777,0.00037058079745588834,0.003065765429124716,0.0009781467362228735
442.23900000000003,0.04225552310331176,0.013036979769628363,0.006547275733954067,0.01364454570839535
442.33900000000006,0.039801043620751375,0.015237266737150534,0.004067532287633094,0.020291031356008293
442.33900000000006,0.044552280542619664,0.0392249314687787,0.008821770236390436,0.04427869608763646
442.439,0.0435685751212884,0.013332637745334441,0.005299608718810952,0.027027625351287776
442.439,0.04956328260052812,0.05036513724106162,0.011314050726646182,0.06406012484701495
442.53900000000004,0.044855062885149365,0.027359633409430373,0.006508281785792765,0.04368923732262653
442.53900000000004,0.052041627668385146,0.07766021746918428,0.01378158187222576,0.09398982138238043
442.639,0.06310878093471879,0.02067024318235644,0.007719047304239011,0.05285102922470952
442.639,0.07139421908847836,0.0813506596402621,0.016247600471924913,0.1135314456826152
442.73900000000003,0.06434544840935492,0.0321440018154574,0.008924244795044164,0.0664380613067056
442.73900000000003,0.0735243866689352,0.10681137869105972,0.018705713076012383,0.14110543818230792
442.83900000000006,0.05116661779484249,0.044040039261211916,0.010126699628364126,0.0778775571041238
442.83900000000006,0.06103323983681047,0.12926647516845138,0.02116093083240653,0.16310399301136325
442.939,0.051583521810818496,0.054932023991185686,0.010907012669234033,0.090060768073986
442.939,0.0607219109190556,0.15550947232425907,0.022044053670769826,0.19063821640705944
443.03900000000004,0.05453412183785546,0.05814083765474276,0.01094298617065063,0.10303986489797401
443.03900000000004,0.06281639712638973,0.1611051462365457,0.0220823934504346,0.20600417347977698
443.139,0.05385047925825414,0.05708360941865731,0.010942036913072028,0.098830693786037
443.139,0.06077326212111945,0.14901099281035632,0.022069506428761928,0.19075807717773602
443.23900000000003,0.05491114235039477,0.05846302513715611,0.010923165480685136,0.08150481987461286
443.23900000000003,0.06258680808845483,0.13631657126143815,0.022037597229037798,0.1593583659988949
443.33900000000006,0.05421924723644204,0.04639112199639342,0.010906025673588709,0.07245079657932467
443.33900000000006,0.060850087288123834,0.11427675315028217,0.022010757830777394,0.14033642773321342
443.439,0.05191731681133121,0.041144832425157485,0.01088088041623427,0.0543865144547962
443.439,0.0578494718471486,0.08554788515395906,0.02195744596173323,0.09878956718359777
443.53900000000004,0.05137651206969446,0.02416126184738082,0.010862561672524609,0.04418562347343602
443.53900000000004,0.056595002795117734,0.06489525415581421,0.021929360185795714,0.0849196157818694
443.639,0.04426087602353385,0.035321236673135914,0.010731962176102347,0.033310263624124314
443.639,0.05159346317994799,0.05943268767307231,0.021691402321266477,0.05742171462406071
443.73900000000003,0.04367064932360407,0.023854572714428035,0.010691955776252747,0.021508008766674802
443.73900000000003,0.05066053749631152,0.03975626764531436,0.02150942537089263,0.037409703697561136
443.83900000000006,0.04059758069442959,0.016415635694107422,0.010214043996496891,0.012783554470817582
443.83900000000006,0.048736129830965404,0.025810042172226266,0.02073193459292123,0.022177960948936426
443.939,0.039290890607262846,0.023639551457682706,0.009932915247763678,0.005682920689049631
443.939,0.047219527700917405,0.022643823147741934,0.020413878123786623,0.004687192379108862
444.03900000000004,0.03440430233875929,0.0035461631535239624,0.010698771720511013,0.01167727453813383
444.03900000000004,0.04269695549335607,0.02689911125482758,0.021741982187148273,0.04212254894648537
444.139,0.03459672446561591,0.018295226036769807,0.010815657464688171,0.03036843867630923
444.139,0.043159407937173586,0.03272595703511616,0.02178417640263554,0.04479916967465558
444.23900000000003,0.03852200406688054,0.009296127888780705,0.010773174913033319,0.0072585070306467325
444.23900000000003,0.04830424728150086,0.004976441094872496,0.021748671853493294,0.021531076014299932
444.33900000000006,0.03835232255555482,0.007930250003872208,0.010757606596632876,0.013711633549302993
444.33900000000006,0.048273231334602595,0.004611494204423305,0.02174696159371012,0.017030389348751895
444.439,0.034126546518834754,0.0048746140633882384,0.010776890134485627,0.0009848231830527632
444.439,0.042756288180019385,0.0009459734209512628,0.02176988663344464,0.004835764301286737
444.53900000000004,0.03405017161881779,0.000869713311041298,0.010765870536609917,0.010751123999077907
444.53900000000004,0.04280104742088023,0.007352439977589053,0.021757437851603497,0.01723385066562566
444.639,0.036033845941400605,0.006294642172782361,0.010777003846315834,0.00070577065930022
444.639,0.046128520367623785,0.006884548268501157,0.02177501229836782,0.00011586456358142483
444.73900000000003,0.03593930131523236,0.01009777290436159,0.010775551929859333,0.0008955816996703558
444.73900000000003,0.046059764482537915,0.00867722134794019,0.021774214870366043,0.002316133256091757
444.83900000000006,0.034230942812573155,0.008062320947592239,0.010775929012304326,3.3007662726791676e-05
444.83900000000006,0.043861934942925555,0.009348369156586323,0.021770835716837213,0.0013190558717208756
444.939,0.03432150254314969,0.009750047827425503,0.010772304162434743,0.004348798179236613
444.939,0.04396396032782838,0.013770145748716878,0.021766486111262688,0.00836889610052799
445.03900000000004,0.04061784773809776,0.0008500879321653998,0.010776079151204931,0.00117243742658818
445.03900000000004,0.05114921453482782,0.0003816416544726309,0.021780363270655825,5.929216004985083e-05
445.139,0.04061355239927219,0.0036310301483546414,0.010783446346940685,0.0024141943686111778
445.139,0.0511349334539851,0.005542328276070151,0.021786339180729534,0.004325492496326688
445.23900000000003,0.04339117518007829,0.0028929607711700722,0.010780120595107044,0.0009280437546980713
445.23900000000003,0.05389791848085305,0.0035573189559784946,0.021781002478791462,0.0015924019395064935
445.33900000000006,0.04337732463289091,0.0023304692251656656,0.010779395876101142,0.0011125190060494727
445.33900000000006,0.053882280772595645,0.0037008059613655724,0.021782587841320263,0.002482855742249379
445.439,0.03624279966315334,0.0013636409571319839,0.010780554496286713,0.0009274692349803271
445.439,0.046491614334411936,0.0012450418626239188,0.021779204153539424,0.0010460683294883921
445.53900000000004,0.036260398583143935,0.0023029954263281143,0.01077976820997632,4.9040407230693805e-05
445.53900000000004,0.046506066919081664,0.0016592547063604135,0.021781271880822777,0.0006927811271983941
445.639,0.046379216739334594,0.0023437444222155768,0.010782726871974652,0.001053050933620292
445.639,0.057036802785002914,0.00428712657026209,0.021786903399727903,0.002996433081666805
445.73900000000003,0.04637025145693957,0.0034165756621303833,0.010783351673824132,0.0022343175309986196
445.73900000000003,0.057020704762285185,0.005212901484077603,0.021787849014487676,0.00403064335294584
445.83900000000006,0.03265996701238599,0.003074636104466455,0.010782647794406993,0.0013182514369450282
445.83900000000006,0.042995671379378826,0.002144043439460841,0.021784504859607576,0.002248844101950642
445.939,0.032693948127644853,0.0037160173990628542,0.010781305032821351,0.000845105330493312
445.939,0.04301593304270445,0.0026377210834517824,0.021782605816263678,0.0019234016461043835
446.03900000000004,0.03862918658107229,0.0007639759162655912,0.01078222106079378,0.0013069442851921798
446.03900000000004,0.049346378748990394,0.003531657961293233,0.021786642015095944,0.0040746263302198224
446.139,0.03863052593975166,0.0025854939845163516,0.010784921996952529,0.003696374822710402
446.139,0.04933496107064817,0.005600710328169833,0.02179035440764196,0.006711591166363884
446.23900000000003,0.039843443273909894,0.0011573165450504685,0.010784341490404026,0.0020176235614721705
446.23900000000003,0.05061917053528768,0.003482062831719701,0.02178922094799332,0.004342369848141403
446.33900000000006,0.03984925067587329,0.001153978752369278,0.010785006057486717,0.0029986994370599374
446.33900000000006,0.05061479993811626,0.004016478932754419,0.021790400951672423,0.005861199617445078
446.439,0.041042574297381035,1.2980679574670086e-05,0.010784415593017767,0.0021043887978546283
446.439,0.051873170982439994,0.002281949199128386,0.021788302958583063,0.004373357317408344
446.53900000000004,0.04105258871135935,2.85011315553918e-06,0.010784921389969275,0.0028875276696817
446.53900000000004,0.05187331997515987,0.0029001813998820736,0.021788919738200158,0.005784858956408234
446.639,0.03340669726431086,0.004847812965175613,0.010784245750740103,0.002244096689187347
446.639,0.044108755196977795,0.007324116407294412,0.021788561357839378,0.004720400131306146
446.73900000000003,0.033339368097078215,0.005003553456638943,0.010734065179900628,0.0032082269254619655
446.73900000000003,0.04386549998206268,0.008307887352199173,0.021566574911492064,0.006512560821022195
446.83900000000006,0.0386614183305295,0.011729259126966927,0.010125251351507948,0.0017520443698735844
446.83900000000006,0.048663615588346296,0.021136022767132223,0.02030298547624431,0.011158808010038879
446.939,0.037821771378697286,0.015148754969608602,0.009218056092479837,0.0005408204837907271
446.939,0.04698826289725617,0.005726504854267457,0.01856564401202796,0.00888142963155042
447.03900000000004,0.03819078071097369,0.010406153578394639,0.008544730797213372,0.007091262408981225
447.03900000000004,0.046735588317961804,0.013919372160241639,0.017176529346538252,0.010604480990828224
447.139,0.03751962923840533,0.006316578368587789,0.007865581566157968,0.0052303031171146985
447.139,0.04534007572657395,0.014029711520522126,0.015777242469185212,0.012943436269049036
447.23900000000003,0.03357225203474332,0.004654349485020527,0.007108740962174971,0.005969902904437219
447.23900000000003,0.040420141208878706,0.0054457600066945,0.01418352506655361,0.0051784923827632445
447.33900000000006,0.03301567382110481,0.012205233429580797,0.006486873935269762,0.002679944273815904
447.33900000000006,0.039273766162814486,0.011594029231202452,0.01296222451209547,0.0020687400754375584
447.439,0.03896055517891852,0.0020710656424026697,0.006159198799885157,0.003356129038869282
447.439,0.04507498445844362,0.0070248348945156636,0.012378647642338035,0.008309898290982276
447.53900000000004,0.038565642806393505,0.004795811655773141,0.005752083146187495,0.004752299016861805
447.53900000000004,0.04415790501210916,0.008357683742374444,0.011451842193003114,0.008314171103463108
447.639,0.04054610042380633,0.0030884138734448285,0.005357355984416726,0.0034272271197244297
447.639,0.04579351024957369,0.000823495997535284,0.010685758503283007,0.007339136990704542
447.73900000000003,0.04018077454040658,0.0028784073466342486,0.00496619905076105,0.0036524093789652716
447.73900000000003,0.04497807049927591,7.185959494315775e-05,0.009846499324942231,0.006602676320542677
447.83900000000006,0.04626617090427722,0.0011366409056409177,0.005143657129392952,0.0029974803008547823
447.83900000000006,0.0511066115700346,0.0066962927707935336,0.010005986461232788,0.010830413977289233
447.939,0.04559732657777619,0.004489057078955971,0.004452778001572856,0.010972289116696787
447.939,0.04990236971567253,0.01238721660406017,0.008786692900975257,0.018870448641800985
448.03900000000004,0.052410302382425326,0.04072743074186391,0.004210738338906925,0.0039217318385346145
448.03900000000004,0.05665490044558586,0.03908095449215687,0.008466485390185633,0.005568208088241655
448.139,0.052270928647061336,0.04534425536583786,0.004022001318037097,0.0010066401952838477
448.139,0.056165618796591744,0.043734438547903376,0.007929817675120424,0.002616457013218332
448.23900000000003,0.045454775301660845,0.0011103908913735472,0.003919136581992894,0.0020541958031361496
448.23900000000003,0.049014045494617596,0.012615794310885442,0.007494736491103418,0.013559599222648044
448.33900000000006,0.04446458126398451,0.012171669323035482,0.0029005513486485596,0.017506762419542077
448.33900000000006,0.046567413508118105,0.017589743779343636,0.005020064537431018,0.02292483687585023
448.439,0.034449295499838786,0.009393446873518174,0.0023173581649750022,0.010378341598111351
448.439,0.03764149057459959,0.022210387891105077,0.005534329160195672,0.023195282615698254
448.53900000000004,0.03636261720301718,0.019118764630939644,0.004268431368233593,0.009035038906432757
448.53900000000004,0.040882927542243895,0.025475170738228577,0.008811920084534746,0.015391445013721694
448.639,0.041654355044103336,0.04752872685719034,0.005440954815559403,0.00842676238181761
448.639,0.04744105671377974,0.05971964333273382,0.011228113400190433,0.0206176788573611
448.73900000000003,0.04280918911576092,0.05101184200483777,0.006614454701792053,0.011097288933043514
448.73900000000003,0.049856015021837174,0.05682693488934609,0.013661314742583532,0.016912381817551836
448.83900000000006,0.03174482971542712,0.012849120030196559,0.007760450749995435,0.0030664928016378434
448.83900000000006,0.040037983077894176,0.012488789722163496,0.016070910643645984,0.00270616249360478
448.939,0.032931439378753743,0.008125359328003623,0.008942702968032639,0.001547638316055866
448.939,0.042474685299021986,0.007326291485554415,0.018508192296141195,0.002346706158505074
449.03900000000004,0.04024750373269668,0.0018087887400681792,0.010117784558368023,0.00035736785747131355
449.03900000000004,0.05104986561294203,1.2816514981861538e-05,0.02093047656206145,0.002178973112521354
449.139,0.04086508839200125,0.000322525802471052,0.010732153722154086,0.002868104150094863
449.139,0.05185281675361809,0.002058584963342547,0.021732757299427218,0.005249214915908462
449.23900000000003,0.033579818594071456,0.06221996444912869,0.010493607407651633,0.0003035001359650291
449.23900000000003,0.04430953861289853,0.07014048383234994,0.021470730127254062,0.007617019247256218
449.33900000000006,0.03424172428541248,0.0719933265869317,0.010761557880942157,0.011552303009642937
449.33900000000006,0.044944839854814754,0.0782411135868788,0.021752085585188916,0.01780009000959004
449.439,0.049621913337452146,0.04824118396274968,0.010775571745029716,0.0010903278834387686
449.439,0.06061647362045959,0.04711659294370485,0.021778456228993492,3.426313560606076e-05
449.53900000000004,0.049700436885545866,0.04357800634959763,0.010780624626303583,0.0007175821210604338
449.53900000000004,0.06068228040887924,0.04335356253623501,0.021781126209539137,0.0009420259344230519
449.639,0.015011751093526838,0.017715007298897523,0.010566678070398744,0.001110098945407034
449.639,0.025943201357852955,0.023353582042143328,0.02150160221154876,0.006748673688652841
449.73900000000003,0.015288964682632649,0.026383760522338484,0.010802214051669284,0.01453441754169471
449.73900000000003,0.02630694981492578,0.04264893089905697,0.021823475088089947,0.030799587918413196
449.83900000000006,0.016078883924089713,5.799931829597593e-05,0.010796554477852226,0.009355295808112006
449.83900000000006,0.026965793268822848,0.0024895816172615386,0.021802371077262215,0.011902876743669522
449.939,0.01606588507770409,0.010559726236420874,0.010784679701265391,0.0014062640041035968
449.939,0.026968967875589108,0.00612964781753067,0.021791466853615906,0.005836342422993801
450.03900000000004,0.02400624946147726,0.014285351334774266,0.010786553476341654,0.004918891484298138
450.03900000000004,0.034879924014605664,0.01928052938129798,0.021796763706011572,0.009914069530821855
450.139,0.024092272885506128,0.01532103695327347,0.010789812507392835,0.006441958272110915
450.139,0.03496523993458728,0.022139708841229514,0.021800243203633548,0.013260630160066955
450.23900000000003,0.01100117877503971,0.03256312527902805,0.01079114619792457,0.006049005462550383
450.23900000000003,0.020626420913030154,0.04027643998503205,0.021804947915003692,0.013762320168554387
450.33900000000006,0.011509313917323705,0.03347020726998451,0.010792978153537238,0.008415790127766831
450.33900000000006,0.020985047940042457,0.04011964255796552,0.021804282618801275,0.01506522541574784
450.439,0.02900384232763352,0.0005179231103483729,0.010784482092058137,0.0033177418959974285
450.439,0.03981160963361589,0.001943858459222958,0.02178242380859359,0.0008559603264260973
450.53900000000004,0.028987459496866413,0.005744962933080577,0.010778246583710144,0.0024258763736213496
450.53900000000004,0.039795238497741296,0.004259965564362034,0.021779298644226567,0.000940879004902806
450.639,0.03636976780838006,0.0040370258013686655,0.010783033488926523,0.0026275290285919795
450.639,0.047279685777343546,0.005336372196312223,0.021785014139543507,0.003926875423535536
450.73900000000003,0.0363871631934015,0.0031216651277482517,0.010782032242034606,0.0004939107989788694
450.73900000000003,0.047296628150363486,0.004689449805115985,0.021784428441858624,0.0020616954763466033
450.83900000000006,0.03913711727340813,0.005281133222654555,0.0107819759993761,0.002237783244958047
450.83900000000006,0.05010636289400811,0.00480035718263816,0.021783097855900806,0.002718559284974442
450.939,0.03912771200158394,0.007014972612189085,0.010779739523695642,0.0009098161006070304
450.939,0.05009854879724803,0.006782838358014186,0.021780799249648073,0.0006776818464321321
451.03900000000004,0.03811333799912552,0.0019061209125844636,0.010782560020743804,0.0017604645277357056
451.03900000000004,0.049091566605043886,0.0005327763446087985,0.021786379509740147,0.004199361784928968
451.139,0.0381189163012607,0.0006543073726511529,0.010783366438482019,0.0019928881766003714
451.139,0.049099847464800034,0.001150553321343839,0.021786855160936917,0.0037977488705953637
451.23900000000003,0.03461465175507603,0.002709640859094531,0.010783639608390887,0.0021486790619292817
451.23900000000003,0.045600115734739224,0.0002727478107148462,0.02178748557176002,0.004585572110308966
451.33900000000006,0.03461918488066718,0.002376681083428478,0.010783737315195623,0.0021799435079083995
451.33900000000006,0.045607807758431144,0.0002394035054551491,0.021787520775196228,0.004317221085881728
451.439,0.035840448491740916,0.001974248999773165,0.010783987167728206,0.0023155832819122812
451.439,0.04683358477157917,0.0006429901844052788,0.021788514417190697,0.004932822466090724
451.53900000000004,0.03584765746600165,0.0016174636142519683,0.01078450840455225,0.0025798350319244934
451.53900000000004,0.04684325296395623,0.0009491916793352706,0.021788898187515237,0.005146490325511732
451.639,0.03611449817836629,0.002352641763061048,0.010784593312593788,0.002571808246727647
451.639,0.04710822731679213,0.0003970832665427526,0.021789290864169922,0.005321533276331446
451.73900000000003,0.036121905444972034,0.002188460124832647,0.010784865734463104,0.0027460242908955435
451.73900000000003,0.04711848396617651,0.0006126231216007083,0.02178961060000609,0.005547107537328899
451.83900000000006,0.03354146213734612,0.004325312548057014,0.01078483013251002,0.0027784825548288206
451.83900000000006,0.04453622284207827,0.0015170532420784033,0.02178954859395446,0.0055867418608074315
451.939,0.03354693528240473,0.004334248898144599,0.010784800134104792,0.0027104604210590466
451.939,0.04454511383462782,0.0014690069105423031,0.021789771095165552,0.005575702408661343
452.03900000000004,0.035277112068545675,0.0016148172820547035,0.010785278936803418,0.002983366009016719
452.03900000000004,0.04627993475140672,0.00174977301416257,0.02179096408465379,0.006347956305233993
452.139,0.03528812119871038,0.0012347364375654422,0.010785808849640447,0.0033577477301819365
452.139,0.04629240326611258,0.0020712022048978707,0.021791503896647125,0.006663686372645249
452.23900000000003,0.03647625373779585,0.001942652961983038,0.010785620808421022,0.003191315827319907
452.23900000000003,0.04748027095550824,0.0013891379029394857,0.021791284451703214,0.006523106692242431
452.33900000000006,0.03648719959986996,0.0018698461737539638,0.010785722967855254,0.0033330341486053077
452.33900000000006,0.04749255003535107,0.0015669550537092958,0.021791637301660147,0.006769835376068567
452.439,0.03480179291012642,0.005775900494113251,0.01078547992556865,0.0032800472779370704
452.439,0.04580698690576009,0.0028553700188898024,0.021790653191922544,0.006200577753160519
452.53900000000004,0.03481314776919206,0.006239470753450327,0.010784910606985639,0.0027069453467548628
452.53900000000004,0.04581808475107362,0.0030874827610551936,0.021790331294244673,0.005858933339149997
452.639,0.02603666176744536,0.007079495363075172,0.010785818975146341,0.0034124746786164946
452.639,0.03703780266754053,0.0033633412085214416,0.021792243004205503,0.007128628833170225
452.73900000000003,0.02605654784963421,0.006679979099558753,0.010786336328304835,0.0036735449364302397
452.73900000000003,0.03705329524034436,0.0028912129936435878,0.021792837373132076,0.007462311042345404
452.83900000000006,0.027736153118187275,0.006205089970037214,0.01078678219933904,0.003821456171098969
452.83900000000006,0.038738599269672214,0.0020032948758778035,0.02179398254675371,0.00802325126525838
452.939,0.027756760361922032,0.005803449966002128,0.010787355677910468,0.004288106537717162
452.939,0.038754971942709285,0.001455952909748426,0.021794747053853713,0.008635603593970864
453.03900000000004,0.03156368462154602,0.0008659009728136935,0.01078765665546868,0.0042575942222854435
453.03900000000004,0.04256803512003708,0.004147978200942926,0.02179628761877246,0.009271473396042063
453.139,0.03158238367750847,8.021526909596233e-06,0.01078922702717979,0.0055170284090647614
453.139,0.04258381479753815,0.005401672458907769,0.021798463467373828,0.010926722394882127
453.23900000000003,0.029527329169090913,0.003629418262753537,0.01078854412823038,0.004859867328673051
453.23900000000003,0.04052943178261728,0.0012681301341760376,0.021797147493819675,0.009757415725602623
453.33900000000006,0.02954892977909131,0.003848257438715641,0.010788652950923721,0.005012825517164976
453.33900000000006,0.04054652979314022,0.001425211222710332,0.021797678881893868,0.010286294178590949
453.439,0.032013202258167534,0.002413679697456761,0.010788801423716179,0.005129490731149877
453.439,0.04300806934297686,0.0028385056366384553,0.021797980377768585,0.010381676065245093
453.53900000000004,0.03203531338204774,0.0023464511643001007,0.010789150365527193,0.0053154099120685805
453.53900000000004,0.04302380652493158,0.003202502175917332,0.02179859549033526,0.010864363252286015
453.639,0.03558180112165714,0.00023879877478494294,0.010790022827564541,0.005632307172044215
453.639,0.04658002938746588,0.006013797130240639,0.02180071045116101,0.011884903077069797
453.73900000000003,0.03560397086529814,0.00035124464023050805,0.010790923799314414,0.0062990061568958255
453.73900000000003,0.04659589688252875,0.006709776716438466,0.02180189067162937,0.012657538233103782
453.83900000000006,0.03237114586253705,0.0022868903353581165,0.010792012574171757,0.006506668932074633
453.83900000000006,0.04338351598117735,0.0057994457888222994,0.021805700925535375,0.014593005056255047
453.939,0.03225149841827041,0.000708544791379051,0.010645123924292565,0.00849234403197874
453.939,0.043077515463705154,0.0073807753616463865,0.02147656299231859,0.016581664185004175
454.03900000000004,0.027678896944707505,0.007272077446757841,0.009943430972434286,0.005823772894502199
454.03900000000004,0.03747838746686769,0.005489959067361161,0.019745119874832278,0.007605891273898879
454.139,0.0267674455668888,0.00884542673305,0.0090063461165804,0.00703201616740401
454.139,0.03576021206856921,0.00520589681439898,0.018006275679772307,0.02108333971485299
454.23900000000003,0.03183923778667522,0.007011369903904607,0.008440381679882,0.011995483461848089
454.23900000000003,0.040264158763121574,0.013499977081227854,0.01689726220575567,0.018484090639171336
454.33900000000006,0.03125628395866723,0.0009420271951705584,0.00782856972380506,0.0061806224955476274
454.33900000000006,0.03898201505060965,0.010750311203930218,0.015593069461540132,0.015988906504307288
454.439,0.025685987920608878,0.003102712631974036,0.007105804223382524,0.010670116769884608
454.439,0.032605873383614925,0.006653777676767336,0.014050041723624887,0.02042660707862598
454.53900000000004,0.025095359860555503,0.003707042344947342,0.006470826680074753,0.009136699409306503
454.53900000000004,0.031428384506101144,0.005957336943458347,0.012838875378089932,0.01880107869771219
454.639,0.0237336782565123,0.007483213207771233,0.0059464387712934936,0.009939104912483954
454.639,0.029553318783813138,0.0037875763241639326,0.011773377466302278,0.02120989444441912
454.73900000000003,0.02330222288422001,0.005906286429682606,0.005471162924830011,0.011838859727805184
454.73900000000003,0.028632481524199966,0.005116963817542786,0.010816790604255205,0.022862109975030572
454.83900000000006,0.02849538685066967,0.0009077091681068961,0.00513751354623393,0.0097209363727504
454.83900000000006,0.03361292689348544,0.009187813404955447,0.010265140469854018,0.019816458945812743
454.939,0.028244271491359916,0.0011708088383601822,0.00484764496542607,0.010434982001340076
454.939,0.032938694510331816,0.00889170061762301,0.00955848359502669,0.02049749145732327
455.03900000000004,0.02141089495128674,0.007916618584893342,0.004618142732571286,0.009071433393946338
455.03900000000004,0.02569043598458158,0.0065139520017594155,0.008899707915599976,0.023502003980599095
455.139,0.020736216476588663,0.0012306135684043706,0.0039017198060854793,0.020170873407041153
455.139,0.024474301111369137,0.01611232003334995,0.007639447252965765,0.037513807008795474
455.23900000000003,0.02382110200761097,0.002246531989136491,0.003630847009158278,0.011045980950922019
455.23900000000003,0.027470992851430166,0.013449965473414593,0.007281262045378568,0.02224941443520012
455.33900000000006,0.023532523165678127,0.0005908118141710883,0.0033032036338726837,0.013476800314314863
455.33900000000006,0.026883381689485647,0.012019048340059959,0.006657056070810409,0.026086660468545908
455.439,0.027702970019719223,0.0038920293897748426,0.0031839757991543034,0.009520797654111401
455.439,0.030940952905421995,0.011987721714109112,0.00642638255814695,0.01761648997844567
455.53900000000004,0.02743462115326975,0.005474754131582049,0.002885308538634746,0.013036776959494567
455.53900000000004,0.02944618760783237,0.03483516742383275,0.004903564104610963,0.042397190251745265
455.639,0.028985629406814668,0.0344919250069522,0.0010296433354018944,0.032166203907457946
455.639,0.029758932030884328,0.06411245237620466,0.001809536820584157,0.06178673127671042
455.73900000000003,0.028325568789048856,0.03158513821962439,0.0002592335526710789,0.027048650171480393
455.73900000000003,0.028369091050848474,0.05627744314037986,0.00030301357740689626,0.05174095509223586
455.83900000000006,0.027748708750547725,0.016397078151614064,3.6116115211528094e-05,0.022277201829093096
455.83900000000006,0.027782879182697843,0.035098856650263015,7.062055457155794e-05,0.040978980327742054
455.939,0.02781476807492348,0.010709128029895654,3.278042757354337e-05,0.016183018983409347
455.939,0.027840115556996656,0.02569811352450624,5.856857983557983e-05,0.031172004478019936
456.03900000000004,0.02862388972712442,0.0005855626597663921,2.4414739751208688e-05,0.013910353974326162
456.03900000000004,0.02864267809189787,0.010971594859195744,4.364886404036533e-05,0.025467511493288297
456.139,0.02871833774602187,0.0037497784141067303,7.887421586348314e-05,0.009981138454814742
456.139,0.028732929041889507,0.0055255995202929675,9.392401958871661e-05,0.01925651638921444
456.23900000000003,0.030342024387507306,0.004161214119010381,0.0005905985134745312,7.577645430223434e-05
456.23900000000003,0.031541495841006344,0.0012287575457761157,0.0018274398803364816,0.0028566801189320312
456.33900000000006,0.03164652811688191,7.135915018641192e-05,0.0019219301109174988,0.01744898454486954
456.33900000000006,0.03409080423042998,0.021929108975464517,0.004451920140508095,0.039306734370147645
456.439,0.03175222837677301,0.013180119893964282,0.003089831667678143,0.01167910524388627
456.439,0.03539328437755603,0.017705529688011756,0.006851186531569681,0.016204515037933746
456.53900000000004,0.03289915220963074,0.0026537523406711112,0.0042597799592116355,0.007792630261586719
456.53900000000004,0.03775465644109002,0.01443739499778185,0.009276857923075544,0.019576272918697457
456.639,0.03422227060376417,0.007992227727962486,0.005438913639058482,0.007940183522864963
456.639,0.04030467059192551,0.011219358997636819,0.011694178788207122,0.011167314792539296
456.73900000000003,0.03536468660735599,0.0016320788412877982,0.00661038986047261,0.0032108122113558846
456.73900000000003,0.04267330065135771,0.007365178060458666,0.014117663056897982,0.008943911430526752
456.83900000000006,0.03411013895054722,0.0018648440929645018,0.0077842313513034065,0.005029649832268168
456.83900000000006,0.04266216517598537,0.004604366302640273,0.016539495097863045,0.007769172041943939
456.939,0.03525632589206754,0.0010020081311239437,0.008950685362599811,0.001749794021792983
456.939,0.04504163166813467,0.0019907053716232688,0.018956316338143465,0.004742507524540196
457.03900000000004,0.03513062396954297,0.0028798020467339924,0.010748664798807924,0.003778469091200165
457.03900000000004,0.04595021502162684,0.006335947148580213,0.021753126747410905,0.007234614193046386
457.139,0.03516393690305252,0.002353287932729931,0.010784160067494568,0.002303359522200843
457.139,0.04597857297723524,0.004445801298770924,0.021789146091783416,0.004395872888241836
457.23900000000003,0.03496127563063904,0.004091354650065604,0.010786361994604155,0.00248776108145754
457.23900000000003,0.04580897875193123,0.001956926247628887,0.02178921282202363,0.004622189483894257
457.33900000000006,0.03498572062037469,0.004387169294142401,0.010783764637473043,0.0015246583243804235
457.33900000000006,0.0458216301489579,0.00265971229337314,0.021784429315073097,0.003252115325149685
457.439,0.0325456724694747,0.004812395476585074,0.010781070453317472,0.0022177186852534447
457.439,0.04342050381624292,0.0021921752446116827,0.02178398846189259,0.004837938917226835
457.53900000000004,0.03256918173100251,0.004280844388811822,0.01078249071576631,0.002414045837787926
457.53900000000004,0.043428674094516805,0.002005020862927198,0.021781660162871176,0.00468986936367255
457.639,0.03316889732508444,0.00016943863874896437,0.010783560868326105,0.002444640654317709
457.639,0.04408947403208728,0.0032513326476593107,0.021787804096674326,0.005865411940725984
457.73900000000003,0.03318028972472785,0.0008850872381285235,0.010784584507755048,0.0037168779829532816
457.73900000000003,0.04409437863745853,0.004115669367434461,0.02179081414112391,0.0069474601122592175
457.83900000000006,0.028422897091972064,0.001635777551817652,0.010787884984408608,0.002740317155331074
457.83900000000006,0.03936301300319471,0.0013825947810772732,0.0217915982584999,0.005758689488225999
457.939,0.028438881252972132,0.0015517072559527723,0.010785377946793243,0.0032847519767666977
457.939,0.039373685872942446,0.0016470441986347062,0.021791968626918727,0.006483503431354176
458.03900000000004,0.029829255211909673,0.004483480728211031,0.010784832166563153,0.0027938829566658274
458.03900000000004,0.04080174279642435,0.0018629073326057457,0.021787155008699273,0.005414456352271113
458.139,0.029847145111262324,0.0048648395024066815,0.010784013452647217,0.0026065458941080255
458.139,0.04081470239260629,0.0020606379824870125,0.021787851877664504,0.005410747414027694
458.23900000000003,0.028793463355952974,0.003982513042137592,0.010784961662080454,0.0027696572138988795
458.23900000000003,0.03978444320946263,0.0009336100823613691,0.021790038963304104,0.0058185601736751025
458.33900000000006,0.02881059869917958,0.0036527136194015597,0.01078478635577918,0.003263441686941926
458.33900000000006,0.03979875005759078,0.0003945453298803692,0.02179189587601127,0.006521609976463116
458.439,0.032947646401710946,0.005021701418836288,0.01078574946540587,0.0029712896392368737
458.439,0.0439520564271606,0.0020799379976681465,0.02179200798219391,0.005913053060405016
458.53900000000004,0.03296346727904016,0.00521336526162286,0.010785603116229885,0.0029405904655055437
458.53900000000004,0.043964865382002956,0.0021475270933044577,0.021790866868383506,0.006006428633823947
458.639,0.029934619798553407,0.008568926834922275,0.010783838819920006,0.002971581981052074
458.639,0.04093820674023242,0.005711056242673873,0.021788800208720562,0.005829452573300475
458.73900000000003,0.029948762103906422,0.008816748555690701,0.010783625686209972,0.0026423560544193148
458.73900000000003,0.040950020206283085,0.006027541638911282,0.02178861646192808,0.0054315629711987334
458.83900000000006,0.033462350154031865,0.005993050587318471,0.010785256135755112,0.0030572184579844564
458.83900000000006,0.04446832361290807,0.0023117902920146705,0.021791211229293724,0.006738478753288257
458.939,0.03347633944988241,0.005352236110711449,0.01078638290880605,0.003659197613704146
458.939,0.04448227447073118,0.001955966568913725,0.0217926360808602,0.007055467155501871
459.03900000000004,0.03236994750719679,0.004830699114107162,0.010786513866881222,0.0033121175780557177
459.03900000000004,0.04337412072048379,0.0008122350939725463,0.021793905555302622,0.007330581598190333
459.139,0.032382169211916244,0.004200611011600408,0.01078700621383146,0.004212867714328716
459.139,0.043387679625643785,0.0003121841024500416,0.021793606196133884,0.008101294623479083
459.23900000000003,0.034332516862200825,0.005246807192552216,0.010786085342052765,0.0034746887008831884
459.23900000000003,0.04533593582397348,0.0016523936957488772,0.02179177282873447,0.0070691021976865285
459.33900000000006,0.034342874944428156,0.005308151571552955,0.010786205431784112,0.0037155915950133345
459.33900000000006,0.04534831126259931,0.001533355555983551,0.021792251601512044,0.007490387610582738
459.439,0.03261746613292036,0.008756400183934645,0.010786010601958936,0.0035096884256460292
459.439,0.04362238706141621,0.005464914428353618,0.021791899049746977,0.006801174181227054
459.53900000000004,0.03262827009528933,0.009128980839045786,0.010785822927811358,0.0031852390502742356
459.53900000000004,0.043634712262505544,0.005637167684116262,0.021792264877406528,0.0066770522052037595
459.639,0.027814490356938962,0.007812752861953598,0.010786380456864239,0.003600710939183349
459.639,0.03882164762251918,0.0036922016812466203,0.021793719216067722,0.007721262119890326
459.73900000000003,0.02782947905929495,0.007193148440033825,0.010787148707782105,0.004331831030091937
459.73900000000003,0.03883666033368616,0.00292169043563395,0.02179447001985646,0.008603289034491812
459.83900000000006,0.024539493597070382,0.011586569545597667,0.010786819757206908,0.003968447548030163
459.83900000000006,0.035545085632299425,0.007587096589011022,0.021793833848493437,0.00796792050461681
459.939,0.024551894178092993,0.011722020046449844,0.010786850379031439,0.004000524013700657
459.939,0.03555919991330595,0.007543048835318755,0.021794109429266514,0.008179495224831745
460.03900000000004,0.031365559005276246,0.005969213267276174,0.01078752951099562,0.004131578015622806
460.03900000000004,0.04237080974562472,0.0011764541190883993,0.021795900247717097,0.00892433716381058
460.139,0.03138069938964874,0.005150809630919627,0.010788892232243344,0.005337992885561027
460.139,0.042389072790629236,0.00010752275036129966,0.021797900465067913,0.010596325266841955
460.23900000000003,0.03232297349878083,0.007570671178187549,0.01078827742426029,0.004661868583128114
460.23900000000003,0.043330268636460584,0.0029890901684270776,0.0217964900022498,0.009243449592888586
460.33900000000006,0.03233828572219313,0.007974043102147998,0.010787887600839539,0.0046029212404776745
460.33900000000006,0.043346710590131836,0.0031528269604803594,0.021796250036646946,0.009424137382145314
460.439,0.03689324806301007,0.0002465646595386506,0.010788225765865874,0.0046793309939578975
460.439,0.047902158372013996,0.004962934501346439,0.02179733846606418,0.009888830154842987
460.53900000000004,0.036912868029134537,0.0005064239497087897,0.010789965633229074,0.005923927569618348
460.53900000000004,0.047921403116717796,0.006641285556910015,0.02180005169494135,0.012058789176819573
460.639,0.03297548657608984,0.001950275125962575,0.010789850863748176,0.0055497846792178515
460.639,0.04398534473109516,0.0037061573241186085,0.021799876510169795,0.011206217129299034
460.73900000000003,0.03299693359455555,0.0020809513768744736,0.010790267716773355,0.0059066853008469256
460.73900000000003,0.04400542190412398,0.004055689407922447,0.02180052545374797,0.012043326085643848
460.83900000000006,0.031243616616344044,0.0038034132421418394,0.010790409088109734,0.005825860438685826
460.83900000000006,0.0422529649306188,0.0021841265342286142,0.021800813800380448,0.011813400215056278
460.939,0.031267149022363216,0.0037806314376054306,0.010790624055808435,0.006081786610286466
460.939,0.04227387975831367,0.0025631200689542055,0.02180143122867011,0.012425538116846102
461.03900000000004,0.03306629568777811,0.0004708357710345723,0.010790853363518942,0.00618096249988076
461.03900000000004,0.04406502238450852,0.005996196976810975,0.02180185439114402,0.012647995247726307
461.139,0.03308991826759058,0.0002616729908140325,0.010791426458350234,0.00653265592469876
461.139,0.044082168043882326,0.006553594389047568,0.02180287302162155,0.01334792330456036
461.23900000000003,0.02945418908420901,0.009549531239004816,0.01079132104562917,0.006633015363733286
461.23900000000003,0.04044589700476119,0.003157875907894514,0.021802346142083567,0.013024670694843588
461.33900000000006,0.029494617743555378,0.0099519163365267,0.010791217809677825,0.006108998159548573
461.33900000000006,0.04047419712125439,0.003161830398049625,0.021802835208381076,0.012899084098025648
461.439,0.04102420945357301,0.010712180291404529,0.010793197059920474,0.007265861939103058
461.439,0.052018021922118934,0.019778823161118897,0.021808724461650546,0.016332504808817424
461.53900000000004,0.04069828934583429,0.012676286341450016,0.010453975677307586,0.009657342568901939
461.53900000000004,0.05099202933973847,0.018901990005131708,0.020776152725991422,0.01588304623258363
461.639,0.023997951495003285,0.016953535206042813,0.009544530501701832,0.006486876585542145
461.639,0.03302532174835906,0.009260094157737875,0.018618325500291345,0.014180317633847084
461.73900000000003,0.023025140318446994,0.01532370798244287,0.008490109937996166,0.008762698598658636
461.73900000000003,0.031058633184332142,0.007400126301202458,0.01659513905339793,0.016686280279899043
461.83900000000006,0.022732646841295903,0.006893332798756369,0.007702228967859923,0.008342142408068742
461.939,0.015083166347542276,0.0167214132342548,0.00014861975840212304,0.00026570977152218234
461.939,0.022261606503911426,0.003987440817113885,0.0071766829347251196,0.012468262645618733
461.939,0.029236168305596746,0.010313901985622652,0.014235851877062968,0.02676960544835527
462.03900000000004,0.02424252924757003,3.687628641779739e-05,0.00689145429656908,0.012763534179123237
462.03900000000004,0.03093186573652983,0.009339349231700655,0.013623497259775958,0.022066007124406095
462.139,0.02369759748640767,0.003504288014575252,0.006301107237924583,0.009967947367119923
462.139,0.02965442267731347,0.011597021194596824,0.012314522241867795,0.025069256576292
462.23900000000003,0.024281165254659728,0.00034807883825882513,0.005500015245540856,0.015348989872543406
462.23900000000003,0.029803928012864096,0.012684700879181943,0.01106835045055227,0.027685611913466524
462.33900000000006,0.024199952721600363,0.003045128580575707,0.005366661033116782,0.010636163254007958
462.33900000000006,0.029253595100848913,0.008728224498679715,0.010477942091741847,0.02240951633326338
462.439,0.02571891638464696,0.00983189242818616,0.0050342637553892206,0.012979740056338063
462.439,0.0304493347150975,0.024849189124680926,0.009798877956209342,0.027997036752832827
462.53900000000004,0.025090854166787496,0.011808280543359915,0.00436565568518186,0.014450400478994485
462.53900000000004,0.029408461123812058,0.02438984952903844,0.008730100298991387,0.02703196946467301
462.639,0.030538992086860693,0.009096235698664135,0.004177221582427623,0.011187412986417566
462.639,0.034718465837525934,0.018922792398223365,0.008400297436247523,0.021013969685976797
462.73900000000003,0.030293710649150107,0.006761169426315661,0.0039013745563010616,0.00890965549050371
462.73900000000003,0.03412512597568607,0.015758713760110506,0.007782802467354794,0.017907199824298562
462.83900000000006,0.029348319631926315,0.0034452724705871236,0.0035794876969117042,0.008957361474283942
462.83900000000006,0.03283878345300048,0.012822732615453969,0.007118249782788012,0.01833482161915079
462.939,0.029088505565896143,0.0036701044371487686,0.0032866472845510435,0.0091617698254165
462.939,0.03228091093978903,0.012393995419675452,0.0065337556587725665,0.017885660807943182
463.03900000000004,0.030818604293597597,0.005251940187120497,0.003752233089725462,0.009530312015947562
463.03900000000004,0.033390055610403556,0.027865419111150924,0.006360781664553883,0.03214379093997799
463.139,0.028603928500879037,0.021433028289683964,0.0014406393636766696,0.03143980474789432
463.139,0.029402263872221626,0.054695509776374156,0.002262860757203825,0.06470228623458453
463.23900000000003,0.02854398752912976,0.015418953805097502,0.0005260853100452976,0.03271259643277125
463.23900000000003,0.028633649016892623,0.04648469098075081,0.000618609848335618,0.06377833360842455
463.33900000000006,0.028198414410670253,0.012953054230379733,4.9140641929168256e-05,0.029670366135940984
463.33900000000006,0.028248673996390465,0.04086018850082862,0.00010137624391588288,0.05757750040638987
463.439,0.02676551688526947,0.014194674481928793,4.3446452788124164e-05,0.023756155106278598
463.439,0.026801341580661216,0.035429817483334514,8.110198114039721e-05,0.044991298107684326
463.53900000000004,0.02683432721684165,0.008752470560012604,3.3911884517816854e-05,0.019541776911314646
463.53900000000004,0.02686156218271088,0.02720336477591534,6.342997400434344e-05,0.03799267112721738
463.639,0.026371079305739082,0.0127277842599951,2.8582626235274776e-05,0.015714225122879455
463.639,0.026398002738194107,0.02711398888822547,5.692428112635292e-05,0.030100429751109825
463.73900000000003,0.026416244404108367,0.009454618763235612,2.2151434302034272e-05,0.013328198871617847
463.73900000000003,0.02644157967735466,0.022614698259307175,4.860518050517255e-05,0.02648827836768941
463.83900000000006,0.02734809115454021,0.010073349889743621,8.026279602628615e-05,0.011965668494451354
463.83900000000006,0.02745395893074222,0.02342259666648383,0.0001953271233345395,0.025314915271191563
463.939,0.02821593026310703,0.008295130135492546,0.0009891182918738415,0.0060911166257482385
463.939,0.029373172008932295,0.013742029950930323,0.0022527747826475916,0.011538016441186016
464.03900000000004,0.026875630862412073,0.006045138651934234,0.001962229125087962,0.015848722643183155
464.03900000000004,0.029213355827263355,0.03525676872245409,0.004511184840363002,0.045060352713703004
464.139,0.02815710147159308,0.026424685757577393,0.003337040641522823,0.03329486782134561
464.23900000000003,0.02734206621218748,0.0039389436563679325,7.686969136510286e-05,0.0009169060178715327
464.23900000000003,0.031470921415992496,0.035645347397433635,0.004520397044119503,0.038667385035930035
464.23900000000003,0.03608339055594501,0.07505037111070445,0.009589511373418015,0.07807240874920085
464.33900000000006,0.03236291559567074,0.035219636545068767,0.00555289024435054,0.037179447830336436
464.33900000000006,0.03800080267478462,0.06332023668540776,0.01186074285380035,0.06528004797067544
464.439,0.03369334467341306,0.0210651281486256,0.006931480625036239,0.021158786519467565
464.439,0.04055130694130553,0.03980644985258408,0.01446552824960316,0.03990010822342605
464.53900000000004,0.03467783924526605,0.014488724196207059,0.00808109516710764,0.017720163548051726
464.53900000000004,0.04263838410091102,0.028973940665546486,0.01685208957712629,0.03220538001739115
464.639,0.0307844746159678,0.0022019431766127084,0.009243156121041925,0.010112390955419936
464.639,0.03986794389046093,0.004759052749196524,0.019244677366115733,0.01707338688122917
464.73900000000003,0.03178132376597705,0.008050117875210372,0.010278041749772687,0.005649535882597867
464.73900000000003,0.04178402754563129,0.0023798445336979945,0.021270402198099232,0.011319809224110244
464.83900000000006,0.03046084419908308,0.004784824266783616,0.010790736818287648,0.004423807900143739
464.83900000000006,0.04066186936260066,0.0015901717556703332,0.021793856515400473,0.007618460411257022
464.939,0.030529534624647695,0.006624287108278892,0.010785998939613914,0.003152404598146141
464.939,0.04069247171365446,0.0034103264759721696,0.0217882242637339,0.006366365230452864
465.03900000000004,0.02888443151875653,0.0031723154538121356,0.010780905758360522,0.002544689322266258
465.03900000000004,0.0393149341035006,0.0007715009542010876,0.021782031873694298,0.004945503821877306
465.139,0.02891860643741887,0.003537879106523256,0.010781661645134446,0.002691356172869863
465.139,0.039326713220263355,0.001100035327906479,0.021784069975184527,0.00512919995148664
465.23900000000003,0.02957081224882305,0.004060111413923817,0.010782115466373268,0.0016194428575060371
465.23900000000003,0.04022894152020747,0.002682233096848563,0.02178449152984218,0.002997321174581291
465.33900000000006,0.029608027757647395,0.004690237621421289,0.010783125651080873,0.0015601046177744495
465.33900000000006,0.040252181303834865,0.0031785346649182418,0.021786439160429234,0.003071807574277497
465.439,0.012305857023302707,0.01670170985076913,0.01078413751754922,0.0009708605990810248
465.439,0.008691310847998854,0.016887228464884885,0.021784638606247075,0.000785341984965271
465.53900000000004,0.012577183584684478,0.01864749619058914,0.010773577167599328,0.0014006323622606232
465.53900000000004,0.009093563415387779,0.019844323752724158,0.021774577572616558,0.0025974599243956398
465.639,0.023176753799756974,0.022525298827967166,0.010775154721727145,0.0003716402948770181
465.639,0.01354015094058471,0.023008960654443463,0.021771968050653682,0.0008553021213533184
465.73900000000003,0.023356969761342553,0.022337814622289898,0.010775404260594867,0.001022947676689867
465.73900000000003,0.01386099858509031,0.02322046623714202,0.02177243614840926,0.0019055992915419928
465.83900000000006,0.02637649113622296,0.020326073431554903,0.010779518498360815,0.0002553145304604599
465.83900000000006,0.016307204185275658,0.019956087031055777,0.0217816771966751,0.00011467187003866286
465.939,0.026509428156205817,0.019504468618217974,0.010782401066130182,0.00028638574136108375
465.939,0.016524829509817138,0.019547081644451847,0.02178355905811086,0.00024377271512721066
466.03900000000004,0.023267639077954035,0.019484628313460647,0.010781208777563544,3.997151245549446e-07
466.03900000000004,0.013324833768157797,0.019037059383101962,0.02178187028399605,0.00044716921523413333
466.139,0.02340256782283973,0.01901639233549579,0.01077898606202245,0.0005942385164434681
466.139,0.013556781327765645,0.018685122886254568,0.021778954841710982,0.000925507965684691
466.23900000000003,0.008279962022065544,0.011410803521103572,0.01078088933375443,0.0002933002762830484
466.23900000000003,0.008119134023978809,0.009886735465563845,0.0217815349012967,0.0018173683318227776
466.33900000000006,0.008453985494031441,0.010056215710805727,0.010782396882359681,0.0022481378365957205
466.33900000000006,0.008270355892657863,0.008550148466440533,0.021784258375682063,0.003754205080960915
466.439,0.023076080902654006,0.005392214223591818,0.010782886458793755,0.000708000099466588
466.439,0.03392778250992241,0.003943490366383973,0.02178572141287343,0.002156723956674433
466.53900000000004,0.023107744244749675,0.004807796274150622,0.01078423488033299,0.0023352045583346914
466.53900000000004,0.03394564492185102,0.00295920912087233,0.021787418906746594,0.004183791711612983
466.639,0.03239114461271082,0.004310848616952967,0.010782329603770015,0.0008444765471504745
466.639,0.04335270874488704,0.0034236222235022318,0.02178395328629813,0.0017317029406012097
466.73900000000003,0.032406172065504966,0.00457354276745825,0.010782793841714237,0.0014906464147039777
466.73900000000003,0.04336210864817354,0.0031582245611989634,0.02178370530188989,0.002905964620963264
466.83900000000006,0.03345160798617324,0.007114171233460809,0.01078090422879442,0.0007197181660809626
466.83900000000006,0.044417724488127225,0.006893022146153172,0.02178060653224137,0.0009408672533885999
466.939,0.03346779999876042,0.007961027439344459,0.010779802934291274,0.00021372666808172625
466.939,0.04443092025778537,0.007520295848871594,0.02178077732265552,0.0006544582585545911
467.03900000000004,0.03535277765308201,0.008118755444544323,0.010780501528858639,0.0003961465798640873
467.03900000000004,0.04632933473678444,0.007890962048910042,0.021781433342248396,0.0006239399754983666
467.139,0.035369540542123136,0.008311704102672124,0.010780538338079472,0.00019186047522268265
467.139,0.04634250786013019,0.00802254782035794,0.021781515180167355,0.00048101675753686735
467.23900000000003,0.044363533556711944,0.08741648840266603,0.01073261198991842,0.0005432838689789499
467.23900000000003,0.055293901346624166,0.09852877120814219,0.021669022317551252,0.011655566674455109
467.33900000000006,0.04466840019279066,0.10217020021451395,0.010811793503994529,0.022720938440834004
467.33900000000006,0.055686873392483745,0.11910558132303731,0.02183720819664129,0.03965631954935691
467.439,0.016758140702580165,0.0013813221735170522,0.010786834400919407,0.0037592864235191925
467.439,0.027648432101219738,0.008020277021296951,0.021780301332855485,0.002879668424261151
467.53900000000004,0.016705138448562324,0.01705253427565647,0.010771348173334399,0.005104956470481259
467.53900000000004,0.027597534932949967,0.020895172866050936,0.021763466357619818,0.008947595060875724
467.639,0.04073268094584945,0.006970440836242986,0.010771271312663422,0.005664587344961447
467.639,0.05170329590156653,0.012174368797926771,0.021762551646876894,0.010868515306645232
467.73900000000003,0.040708084523178464,0.006471544443600763,0.010774432826551267,0.002752004760077753
467.73900000000003,0.051682473705558604,0.007817139469755485,0.02177070416636417,0.004097599786232475
467.83900000000006,0.042604649795774774,0.0023515693566533713,0.010776292014947777,0.00200359977585185
467.83900000000006,0.053580545932485235,0.004516182203428087,0.02177284180736137,0.004168212622626566
467.939,0.042595504753422234,0.002415488073479466,0.010777859210355895,0.0011946508211773121
467.939,0.05357316893686008,0.0027991029390030953,0.021776855877225117,0.0015782656867009417
468.03900000000004,0.038342350751545184,0.002036073804385641,0.010779059994306598,0.0006094758334014294
468.03900000000004,0.049336269617915256,0.0032596591553666343,0.021777601137445264,0.0018330611843824227
468.139,0.03833782214089045,0.0026501650932440057,0.010778504737453313,0.001147493796972654
468.139,0.04933206173171765,0.003168650883241586,0.021777598303939157,0.0016659795869702343
468.23900000000003,0.03969390457251587,0.009025445202134108,0.010778901233359483,0.0003218760156160627
468.23900000000003,0.05068975623765314,0.010386462418936482,0.021776400908143652,0.0016828932324184365
468.33900000000006,0.03968547290361232,0.010146702697330312,0.010776850315877523,0.0020877127056850853
468.33900000000006,0.050681470533174164,0.011550606885425196,0.021774249893647287,0.003491616893779969
468.439,0.035456344435995525,0.01389945517426705,0.010779745590044342,0.0003049828573300495
468.439,0.04645775471313181,0.016216300207616996,0.02178360708295209,0.0020118621760198963
468.53900000000004,0.035478791894977935,0.017743230983888747,0.010786136791332803,0.004270002175744914
468.53900000000004,0.0464810976034009,0.020815683803824925,0.021791336101868675,0.007342454995681091
468.639,0.03783140513719297,0.004233365004169709,0.010782170527395623,0.001061806872205917
468.639,0.04882702661805511,0.005314872777801405,0.021780666091513246,1.970090142577874e-05
468.73900000000003,0.03782353062485377,0.008000479185431786,0.010776677762771723,0.002588408523459318
468.73900000000003,0.04881769351058088,0.009788772855985783,0.021773868533014162,0.0043767021940133155
468.83900000000006,0.04510723601613263,0.00816726209022578,0.010778389357903512,0.0005673836853805624
468.83900000000006,0.05610460846388435,0.008888709006573237,0.021776692954839236,0.0012888306017280195
468.939,0.04510159997236991,0.00788018859127293,0.010777626579478292,0.001368680217256113
468.939,0.05609874843102195,0.009107863980023723,0.021775547545720322,0.002596355606006906
469.03900000000004,0.02988633296928421,0.005513327060881589,0.01077931280537329,0.00027098550498871887
469.03900000000004,0.04088628943873748,0.005139053442053677,0.0217795646279995,0.00010328811383919499
469.139,0.02988823571744122,0.0045801674468881615,0.010780184241830377,4.921504335841931e-05
469.139,0.04088755581983395,0.004888347736061948,0.02178010883807947,0.00025896524581536795
469.23900000000003,0.03310574829148801,0.005060469585713711,0.010781354456589521,0.0001518089151417712
469.33900000000006,0.022114206314901793,0.004619941875302569,0.00022004255742832024,7.39557316964401e-05
469.33900000000006,0.03310700017031685,0.006734726558891069,0.010782719464377612,0.0020408289518920597
469.33900000000006,0.044103647696804665,0.007800119935628124,0.021784833030017898,0.0031062223286291153
469.439,0.007415068105550391,0.01553522722135403,0.010778771577398713,0.00012432435433362699
469.439,0.017657685665696202,0.018634534691123417,0.021773855412023552,0.0032236318241030126
469.53900000000004,0.007622987829642796,0.019094287686500788,0.010774097773196871,0.004092509468431427
469.53900000000004,0.017761722254717397,0.021363164134895474,0.02176991662969586,0.006361385916826112
469.639,0.03473124715702442,0.04039596054274064,0.010784499322645595,0.0006191812609483982
469.639,0.045717638111792004,0.05007878825787815,0.021798411934049182,0.010302008976085908
469.73900000000003,0.0347113853820665,0.050417452674867747,0.010795841534777875,0.011533331895634547
469.73900000000003,0.045698789036627246,0.05540933352748301,0.021805337373161204,0.016525212748249807
469.83900000000006,0.04223525179252659,0.001840583685296604,0.010783918002988398,0.0010998640892068146
469.83900000000006,0.05321155494183162,0.0017886382725813554,0.021782744042243708,0.001151809501922063
469.939,0.042236367488939976,0.006505817690297011,0.010775219076633162,0.003079730125701285
469.939,0.053208842248796455,0.011500223564963273,0.021767995783479124,0.008074136000367549
470.03900000000004,0.04218786575600749,0.0015330229906682646,0.010774931509921728,0.003311480859360394
470.03900000000004,0.053129952643000175,0.0012000783639396495,0.021773375141202107,0.003644425486089009
470.139,0.04217713259731653,0.005376659615209611,0.010779395225702757,0.00027379703466845484
470.139,0.05312102792955538,0.004319157051450252,0.021777716006210614,0.0007837055290909056
470.23900000000003,0.048427377101255185,0.0002818055138873454,0.010777983150665459,0.0014223371592048117
470.23900000000003,0.05937957687430998,0.000647129298201321,0.02177621999717129,0.0023512719712934778
470.33900000000006,0.04842356459078114,0.0005801719852085441,0.010778646166355457,0.0007456946785251439
470.33900000000006,0.05937786883848599,0.0002799386834251294,0.021777390627445978,0.0016058053471588174
470.439,0.053556573320711974,0.005758351445375176,0.010779137068183713,0.0007471338197477806
470.439,0.06452661472067259,0.00583410128367623,0.021779522932815754,0.0006713839814467271
470.53900000000004,0.053547588572875206,0.006965396795761691,0.010781272320793418,0.0009770923395540088
470.53900000000004,0.06451916668745926,0.007733940434714537,0.021782418727734995,0.0017456359785068543
470.639,0.04748240766650206,0.003271673052299917,0.010780137421720822,0.0001554072450260513
470.639,0.05844144030701964,0.003996398321979733,0.021778607352156438,0.0005693180246537644
470.73900000000003,0.04748713432334415,0.004814148417267461,0.010777708807458259,0.001586611806433158
470.73900000000003,0.05844629405812551,0.006151019823474879,0.021775525546896685,0.0029234832126405763
470.83900000000006,0.04909643131430659,0.03207615693453425,0.010783065283513235,0.0006514657202330021
470.83900000000006,0.060064227902494424,0.037875786523292376,0.021791522729160913,0.006451095308991128
470.939,0.04905875298914346,0.03769841203315893,0.010789592219483685,0.006772431933309342
470.939,0.06002750502349011,0.04121389311511425,0.021796204558779866,0.010287913015264659
471.03900000000004,0.05123964033195267,0.007205727856349764,0.010780499196363974,0.0007155656502004781
471.03900000000004,0.06215554650280373,0.00439041883794955,0.021776862941796857,0.0020997433681997357
471.139,0.05121794494686814,0.0025685274513649325,0.010775444570366156,0.003387793802554828
471.139,0.06214414058118697,0.0011151929090389423,0.021772621144602367,0.0048411283448808184
471.23900000000003,0.039861601454303425,0.0076746371996283536,0.010779231541358004,0.0002887596579066453
471.23900000000003,0.05081459805656355,0.007930420583762032,0.021779330572981006,3.2976273772966636e-05
471.33900000000006,0.03984396716265065,0.00877430059394868,0.01078033269223832,0.0002620042807022216
471.33900000000006,0.050800886741358846,0.008979966397978156,0.021780728541762547,0.00046767008473169724
471.439,0.03230186853892253,0.03384217015122282,0.010781822051215419,0.0005321778303235547
471.439,0.0430982893568168,0.03635603935248977,0.02178589501960403,0.003046047031590504
471.53900000000004,0.03216052266888935,0.036227001369797396,0.010785149791762929,0.003592965321187691
471.53900000000004,0.042987175241940345,0.03880691137337422,0.021789406385409656,0.006172875324764514
471.639,0.04529349494354204,0.015225446368393403,0.010781964883110529,0.0012242605994217115
471.639,0.05624728134500217,0.01480410571311852,0.021781585678100516,0.0008029199441468293
471.73900000000003,0.04526426167275971,0.012680617513297852,0.010778783963615382,0.0011525301851316172
471.83900000000006,0.0380124855195861,0.0019264088105246382,0.00022002308871930365,2.70203740893038e-05
471.83900000000006,0.04892455369792898,0.0020964458267336283,0.0107789902271582,0.00014301664211968657
471.83900000000006,0.05986653214949388,0.00028613813618916245,0.02177549401977156,0.0016672910484247794
471.939,0.04891291571754331,0.00021392048694401924,0.010774989759264908,0.00378505872599888
472.03900000000004,0.039029897288267154,0.0037132203303107407,0.0002199599801100188,1.3399777804679047e-05
472.03900000000004,0.050028748720774466,0.0029859061772001816,0.010778946611227462,0.0007407139309152377
472.03900000000004,0.06103185017077823,0.004859221470073116,0.02178207357048243,0.001132601361957697
472.139,0.04991155862836908,0.0073465231967482225,0.010659011744549387,0.003668477331375542
472.139,0.06054221602455068,0.010071996966128705,0.0212896504808947,0.0063939511007560235
472.23900000000003,0.04457106480697549,0.002118475529293118,0.010292137269086891,0.0012308257647850596
472.23900000000003,0.054531756625823706,0.0028183635014782382,0.020267743611039262,0.0005309377925999392
472.33900000000006,0.04379843069346113,0.005498403305087773,0.009510200158607469,0.00237005329269735
472.33900000000006,0.052918769194297326,0.007400348464873474,0.018643835285129418,0.00427199845248305
472.439,0.03979884741410068,0.00872263987570765,0.0082320598888923,0.0014679185704062903
472.439,0.047804590984047546,0.012399061932335087,0.016295938759025016,0.005144340627033728
472.53900000000004,0.039145403733486205,0.010551681490447606,0.007562413080143608,0.0046000851296152945
472.53900000000004,0.046459698476980386,0.013626423985830804,0.01492849724768897,0.007674827624998493
472.639,0.046460375207529284,0.007038076246688174,0.0071897844881954765,0.002287054725238047
472.639,0.0533487466570581,0.01323058703049007,0.014203580790450452,0.008479565509039944
472.73900000000003,0.045958243999770367,0.010570725101819445,0.006669830236368356,0.008026344264993488
472.73900000000003,0.052270547687492154,0.015947485171085685,0.01308693052572708,0.01340310433425973
472.83900000000006,0.030680481480822527,0.015250835191607859,0.0056963555821074345,0.002997300320895846
472.83900000000006,0.0356673664098435,0.021107961482127017,0.010948521056399714,0.008854426611415
472.939,0.03013811832375216,0.017379894930416473,0.005073841677411218,0.008234193026299685
472.939,0.03468378326791688,0.02357862214216277,0.009859983698757407,0.014432920238045988
473.03900000000004,0.027068322473766213,0.00745529832487879,0.004559932101489236,0.003278827472083634
473.03900000000004,0.030870436021422996,0.012615837369183149,0.008779952972711476,0.008439366516387992
473.139,0.026495943743635095,0.008506263727477315,0.0038978039231517816,0.00762924294273315
473.139,0.029959759148662037,0.014449542084729483,0.007746275587679792,0.013572521299985318
473.23900000000003,0.029841341093630392,0.0012102273153855592,0.0036729217711903945,0.002744494254763641
473.23900000000003,0.03323088829850216,4.4752563225891606e-05,0.007356896026300027,0.003999474133375092
473.33900000000006,0.029614200305112873,0.004048478802075373,0.003444651094998707,0.001874587739480571
473.33900000000006,0.032719829619381545,0.001964967085584579,0.006820822511875183,0.0039580994559713645
473.439,0.02116747470253655,0.010355118716033562,0.0034344104805660853,0.0007923905733124847
473.439,0.023200887595170833,0.006363183371231429,0.006017678790504902,0.003199544771489648
473.53900000000004,0.019799256948885104,0.0006431805062230289,0.0015366803313604785,0.013021148293761886
473.53900000000004,0.020447570569225373,0.01761972486163632,0.002438796980083207,0.031284053661621236
473.639,0.023760236442491745,0.004027558217222893,0.0005541120152715533,0.012561930898781881
473.639,0.023779371175503435,0.003708006989357138,0.0005799032541863402,0.012242379670916126
473.73900000000003,0.02366660625736328,0.013665474085315932,0.0004062443010459004,0.007348523062596257
473.73900000000003,0.02455942372323809,0.007295424436419396,0.001613603856800202,0.0009784734136997209
473.83900000000006,0.031887487784797004,0.0222363039677953,0.001524848487848496,0.023200360047372467
473.83900000000006,0.033816166352321125,0.0029636410347460007,0.0039052511332139305,0.04840030504991378
473.939,0.032982407317120696,0.0113816269455973,0.0027797763333310397,0.02295768228443176
473.939,0.03594347971052405,0.019233629011321085,0.006478755361365485,0.053572938241350586
474.03900000000004,0.039941042741956125,0.04796923092436334,0.00472746403060447,0.046024508997762226
474.03900000000004,0.04422264390609266,0.10725694797437102,0.009817406127547198,0.10531222604776991
474.139,0.04076586495687401,0.06762685278140834,0.005969672932463143,0.05635402587139505
474.139,0.04584402663071113,0.12589107994853466,0.012318579189334504,0.11461825303852136
474.23900000000003,0.04069631922212602,0.042049684055148535,0.006965879931027209,0.05930730058372946
474.23900000000003,0.046345937891279304,0.09180660049993827,0.014543935591636543,0.1090642170285192
474.33900000000006,0.04132890617572974,0.028819105914509983,0.008233232585694158,0.03850566913261888
474.33900000000006,0.047685088434989406,0.061964502781019615,0.017038327986357637,0.07165106599912852
474.439,0.05003252068150689,0.032350852568174826,0.009415379014746409,0.03165579596750634
474.439,0.05813329536504341,0.058189128489787745,0.019459068753687296,0.05749407188911926
474.53900000000004,0.050557266932515846,0.0217910791280298,0.010451267894910354,0.017141831428687304
474.53900000000004,0.059403282178715724,0.03028111960387792,0.02147006574746685,0.02563187190453542
474.639,0.033048859375864235,0.009919215213208155,0.010679870626876083,0.006188348169276381
474.639,0.03923084603010396,0.005386158552450393,0.02168848469209268,0.01072140483003414
474.73900000000003,0.033341741598770305,0.013943916028588799,0.010783846125292141,0.0016074576756905934
474.73900000000003,0.0394795995055966,0.013796733686783025,0.02178678080978766,0.0017546400174963672
474.83900000000006,0.036747953496934264,0.0004626327781158679,0.010787533173666956,0.001308662786682735
474.83900000000006,0.04527945621894587,0.003933752844446303,0.021795822020588784,0.005705048409244906
474.939,0.03674532369912254,0.0031081566949922035,0.010788140808603885,0.005062275441968023
474.939,0.045221049265653304,0.006018614278886946,0.021794726929200012,0.007972733025862766
475.03900000000004,0.02324732758505653,0.012643315300800317,0.010781667606300262,0.0013741473582573607
475.03900000000004,0.02367064908051873,0.011779810435307514,0.02177887193855796,0.002237652223750164
475.139,0.023546550725774017,0.014005168421653112,0.010777167594082055,0.000735146107138096
475.139,0.023946173436446026,0.01321940439760505,0.02177526789341738,0.0015209101311861597
475.23900000000003,0.037932862055880257,0.002717964859276112,0.010779920764343608,0.0007880478143467151
475.23900000000003,0.04716790762485083,0.005004990129606757,0.021783382285950587,0.00307507308467736
475.33900000000006,0.037896370532005494,0.004681077105296083,0.010785488623851813,0.003696297750433786
475.33900000000006,0.047107853879414865,0.007648719878488918,0.0217926636325519,0.006663940523626621
475.439,0.0226169978128171,0.00013910779986270327,0.010785511237735657,0.0014643592888958779
475.439,0.030823844202358078,0.0012519110743385298,0.021789471390753157,0.0028553781630971105
475.53900000000004,0.022639205718899807,0.0008000909003218482,0.010785390146397109,0.0021008651891989416
475.53900000000004,0.03081831176567887,0.0013236315900577722,0.021789883963293396,0.004224587679578562
475.639,0.020206868682541776,0.0026212140971093594,0.01078171525439557,0.001285028988039283
475.639,0.029024077218067684,0.0015631984754533867,0.02178086568866582,0.002343044609695255
475.73900000000003,0.020258228000831824,0.003130780625163254,0.01077995691543572,0.0014432330209013244
475.73900000000003,0.029045159883949494,0.0015344183114018861,0.021780586028850923,0.0030395953346626925
475.83900000000006,0.013866790511745893,0.02797181993881548,0.010785234943846913,0.0022913307081968703
475.83900000000006,0.02073358377972509,0.034254243291779396,0.021794617070039858,0.008573754061160786
475.939,0.013282868201373213,0.03181041839774812,0.010790781193562382,0.007328313250960949
475.939,0.020273416644220065,0.0362307543828857,0.021799718638572385,0.01174864923609853
476.03900000000004,0.03100889698990473,0.0053890176329960396,0.010672308078306809,0.0009947229865487905
476.03900000000004,0.03968431022262372,0.009791966186574186,0.021668884781814994,0.0034082255670293544
476.139,0.03121166429458956,0.011901791213406288,0.010773453770719477,0.005121998806187466
476.139,0.03992373329225943,0.013713450805336258,0.021769299150532745,0.006933658398117437
476.23900000000003,0.036252195380168564,0.002825703758277065,0.01077784040788586,0.00017641489844821837
476.23900000000003,0.044777784907866,0.003780528558187779,0.021774825329045823,0.0011312396983589323
476.33900000000006,0.03628604619802013,0.0029616744386955496,0.01077659644746499,0.0017553133865733095
476.33900000000006,0.04482263138858239,0.003893108123799393,0.021774027249864582,0.0026867470716771535
476.439,0.04043749777385194,0.038475219349052736,0.010782613631039962,0.0008608144256321282
476.439,0.04969523646925371,0.04461307890798061,0.021792103871400518,0.00699867398456
476.53900000000004,0.03992982630990787,0.04495962221886263,0.01079273590512308,0.00835434021916992
476.53900000000004,0.04921264295218156,0.050227067594312835,0.02180282180586794,0.013621785594620128
476.639,0.04149414789676552,0.03590780277919903,0.010786301680879882,0.0023685122907672884
476.639,0.05160994040455899,0.03848831942371422,0.021792459081294704,0.0049490289352824846
476.73900000000003,0.04118704321873047,0.034987258743316214,0.010786669979775879,0.003766199416506577
476.73900000000003,0.05134115036945705,0.0383023237329061,0.021791522028898797,0.007081264406096466
476.83900000000006,0.021220610039320353,0.011828424491581835,0.010699461667062706,0.0011001989915797594
476.83900000000006,0.03075822078031564,0.018855759832555385,0.02165995353553368,0.005927136349393791
476.939,0.02147817572876578,0.020975662920144522,0.010767639981045041,0.008855325572672879
476.939,0.03105480736612633,0.02300432192426083,0.021761925386782288,0.010883984576789185
477.03900000000004,0.021371855907724634,0.0009997509472943198,0.01078005027546805,0.00172848157803962
477.03900000000004,0.03034898962728491,0.0012910524620770583,0.021780378065873914,0.0020197830928223586
477.139,0.021338467740542044,0.0014721016252292607,0.010779592866224397,0.0007658554862999267
477.139,0.030330199787496702,0.0018009625341912638,0.02178083086051751,0.0004369945773379236
477.23900000000003,0.02746943658589288,0.011710557955820544,0.010783282848113494,0.0016227918903939376
477.23900000000003,0.03778802360265237,0.014150162551777257,0.021788329300862788,0.00406239648635065
477.33900000000006,0.027366819838058762,0.013418432717794193,0.010784913029587256,0.002919211171178215
477.33900000000006,0.0376985174248433,0.015998584680516625,0.02178955827287861,0.0054993631339006485
477.439,0.03878274016031924,0.025492250244900205,0.010783709165670891,0.002001760767047056
477.439,0.049391766207723814,0.028280475576384134,0.02178846238829274,0.004789986098530985
477.53900000000004,0.03863332846895676,0.02630852293982411,0.010785708959702107,0.003898451952151216
477.53900000000004,0.04926059393719531,0.0297179076544416,0.02179091970911314,0.007307836666768708
477.639,0.043559538508105504,0.007500129543154265,0.010782171107726871,0.0017242869607017042
477.639,0.05447938968382815,0.007044501813522786,0.02178222048678871,0.0012686592310702238
477.73900000000003,0.043542395351793946,0.004791640197618463,0.010780095815464448,0.000493136424760454
477.73900000000003,0.05446778541950452,0.005535847203554489,0.021781451139281614,0.00025107058117557196
477.83900000000006,0.03012569942363688,0.001801021125885427,0.010781443913002845,0.0009946380487857454
477.83900000000006,0.041122072527120454,0.0016088550909083565,0.021782230856388248,0.0011868040837628158
477.939,0.03012822693960382,0.0025309715143873035,0.010780160382253478,0.00019787819832384201
477.939,0.041124002325787695,0.0021800464094803296,0.021780724722410813,0.00015304690658313191
478.03900000000004,0.0302140931727645,0.0005728406098235439,0.010781204247996142,0.0008481486697742291
478.03900000000004,0.04121440900023004,0.00045512413301329596,0.02178256472904718,0.001876113412611069
478.139,0.030216877996599754,0.00022650743012420094,0.01078122489414123,0.0008583535418678068
478.139,0.04121677708999543,0.000549598154216735,0.02178244070297066,0.0016344591262087427
478.23900000000003,0.04009268593355122,0.004663914878920483,0.010781688809651009,0.0009023486776396082
478.23900000000003,0.05108820298686356,0.006031292052099069,0.02178409141709875,0.002269725850818194
478.33900000000006,0.04009385746122198,0.005200852522545763,0.010782643950112945,0.00151241059895435
478.33900000000006,0.051089356803612165,0.006449775217026055,0.021785096752728134,0.0027613332934346424
478.439,0.05733704855853469,0.011507701023500072,0.010782731859745029,0.0011228227940520696
478.439,0.06832622488414077,0.014088008186464497,0.021787273256806565,0.0037031299570164933
478.53900000000004,0.057364794985864415,0.013216746223789322,0.010785669485954413,0.0036892553062077837
478.53900000000004,0.06835529012316771,0.016118757529853586,0.021790368380107707,0.006591266612272051
478.639,0.05323841231018784,0.00422151350496458,0.010782754055988693,0.0015877069575251923
478.73900000000003,0.04227848497767894,0.002087263682052143,0.0002199956838543335,8.497943233987117e-06
478.73900000000003,0.05324605724800439,0.002608261339406948,0.010781165509842275,0.0005124997141208176
478.73900000000003,0.06422569415232414,0.0034949962899042397,0.02178246551579926,0.0013992346646181095
478.83900000000006,0.05204047834509444,0.003008337932941085,0.010781825587820433,0.0010180445619019096
478.83900000000006,0.06293990682284009,0.004497885363666132,0.021784553290118955,0.0025075919926269563
478.939,0.05205804953829486,0.0037793752515251633,0.010783487008139764,0.002081843414019957
478.939,0.0629616331189662,0.00576194750046044,0.02178689821043624,0.004064415662955234
479.03900000000004,0.05785430994516073,0.008088554098736545,0.010782665941620143,0.0014336276349520283
479.03900000000004,0.06884780313537514,0.009012821605886234,0.02178435527776568,0.002357895142101718
479.139,0.05786504142844193,0.007135790430321531,0.010781141453542075,0.000542853399612131
479.139,0.06885749815692997,0.00783641938025914,0.021782417662806766,0.0012434823495497405
479.23900000000003,0.06919056041712517,0.009538949458458124,0.010781555093558036,0.0009393105108026489
479.23900000000003,0.08018496444615625,0.010711469211865943,0.02178334621621684,0.0021118302642104685
479.33900000000006,0.06920392905990806,0.009824698404861554,0.010781802914858283,0.0010982956092684404
479.33900000000006,0.08019792436328635,0.010821368654184926,0.02178351716107066,0.002094965858591813
479.439,0.05654106770908662,0.0015775289054040798,0.010780429755536893,0.0005847163355516827
479.439,0.0675385966476953,0.0004546623505352621,0.021778884684081887,0.000538150219317135
479.53900000000004,0.05653711079275814,0.00025869606332484807,0.010777904746854156,0.0016814845400010545
479.53900000000004,0.06753574352250505,0.0007500654534400297,0.021777094423001138,0.0021728539301162364
479.639,0.06976702950916523,0.011910211234286372,0.010782152117317707,0.0008412125866210651
479.639,0.0807486079984911,0.015240849778400458,0.021787355146715343,0.004171851130735149
479.73900000000003,0.06980110722813214,0.01500726212729342,0.010785864068818068,0.003992120030967604
479.73900000000003,0.08078440454773014,0.017664099668898814,0.021790654075668773,0.006648957572573
479.83900000000006,0.05857273642299627,0.009133300090722773,0.010783489012564382,0.0017168303721173392
479.83900000000006,0.06957671335154139,0.01136709239998046,0.021787472405881223,0.003950622681375027
479.939,0.05858103139253092,0.00908081003668526,0.010783499586072949,0.002559675344293577
480.03900000000004,0.041629642274894636,0.0002670984182264746,0.00021985915428361392,0.0001358884744577793
480.03900000000004,0.05262382949069656,0.002069298909763706,0.010777775836928075,0.001666312017079452
480.03900000000004,0.06361884341453174,0.0040650711062601985,0.021774662861411994,0.0036620842135759446
480.139,0.052620040794304136,0.0031160989372533976,0.010777841207981517,0.0012990247692510337
480.139,0.06361717951050838,0.0036213191795444466,0.021776615628629262,0.0018042450115420827
480.23900000000003,0.05288622275289365,0.01244064667247713,0.010779652131213437,0.0003414210505567894
480.23900000000003,0.06387018989876547,0.013084155168891609,0.021780902560400973,0.00030208744585769054
480.33900000000006,0.052875005841939826,0.013940604549538715,0.010782638206868787,0.0017847834362099135
480.33900000000006,0.06386186293562857,0.015720921191403555,0.02178553425062719,0.003565100078074757
480.439,0.03931370025499996,0.002050402246053018,0.010781896314548954,0.0010902225412268154
480.439,0.050313902689676664,0.00177753825206306,0.021782572867321538,0.0013630865352167731
480.53900000000004,0.03931549643658808,0.0033205175749695393,0.010780301855537513,6.523967291860444e-05
480.53900000000004,0.05031580343009585,0.0027977153035987357,0.021781255192117516,0.00045756259845219915
480.639,0.04454115510178665,0.0038097473484244304,0.010782142910853373,0.0010676758412961895
480.639,0.05553759469186821,0.00600388342685676,0.021786292735375763,0.003261811919728519
480.73900000000003,0.04455500049878107,0.005708995064254818,0.010785032535869321,0.00344871258014745
480.73900000000003,0.05555411720880508,0.009044995111899379,0.02179039792289067,0.006784712627792011
480.83900000000006,0.04514340566647168,0.007916241432230464,0.010785052267041446,0.002549719298754915
480.83900000000006,0.05611428038719664,0.011220782739111534,0.021791558109432577,0.005854260605635985
480.939,0.0451740038079381,0.008796910107568223,0.010787366705209587,0.00476443261795767
480.939,0.05614980726634047,0.0134938101119646,0.02179476203748711,0.009461332622354046
481.03900000000004,0.047644968419145124,0.003501114402225891,0.01078644561707497,0.0034632995247205756
481.03900000000004,0.0585850120130765,0.006749925380276523,0.021792706169442882,0.006712110502771207
481.139,0.04766529234082725,0.002838816294981062,0.010786182740108419,0.003791564637928957
481.139,0.058611989061824465,0.006735415947483059,0.021792468179637,0.007688164290430954
481.23900000000003,0.058154447640367646,0.12919112371356478,0.010658496717784379,0.001511364469425125
481.23900000000003,0.06910323899295795,0.15031428697761132,0.021631861795433117,0.022634527733471632
481.33900000000006,0.05798524623082641,0.14801647704323398,0.01049970804920533,0.020507620652263636
481.33900000000006,0.06860895142943403,0.15835437767825278,0.02113900268634179,0.030845521287282462
481.439,0.04162270398363606,0.12329286872533096,0.009745834702306456,0.0075402006940397115
481.439,0.05100460761860269,0.11796998431915774,0.019150784100110764,0.012863085100212944
481.53900000000004,0.04095560247751086,0.130715924577411,0.008670816017392101,0.0017499618642800032
481.53900000000004,0.04929589772107348,0.1439832550376896,0.01707311920732943,0.015017292324558618
481.639,0.03676768592155096,0.011012096498915547,0.007828794720740793,0.01670391452531872
481.639,0.04431981299586688,0.02373693893757256,0.015395247408221692,0.029428756963975733
481.73900000000003,0.03614011139966797,0.008442277074003801,0.007138681037881853,0.010710505678331208
481.73900000000003,0.04306946674614537,0.019851013726539524,0.01407560850418767,0.02211924233086693
481.83900000000006,0.038851819232631854,0.00012642725160905144,0.0066347300550067085,0.012140450051067118
481.83900000000006,0.045330138107533814,0.00993914533048823,0.013120099209681055,0.0219531681299463
481.939,0.03840278674742755,0.002594003658965338,0.006147936462858569,0.00755300591583019
481.939,0.04434492628612096,0.0044441736776033025,0.01209323610188788,0.014591183252398832
482.03900000000004,0.0438300452262481,0.0034069703428638576,0.005677704320807475,0.007923973083507452
482.03900000000004,0.049481285924217605,0.013455846259078807,0.011334926768993425,0.0179728489997224
482.139,0.043719209471062684,0.005692553403555234,0.0055342302477011905,0.010027273201140385
482.139,0.04901447358877474,0.012037896699561568,0.01083177280008344,0.01637261649714672
482.23900000000003,0.0421221275426837,0.0028300479725693606,0.004897130479763042,0.004847743716962505
482.23900000000003,0.04682166065396907,0.011159773633396597,0.009599266106329442,0.013177469377789741
482.33900000000006,0.04189166974028545,0.005674420050400641,0.004640051551830764,0.009917474259403036
482.33900000000006,0.04636287889081855,0.012861545312693677,0.009111842043015891,0.017104599521696073
482.439,0.03713873878443779,0.0012219635965471378,0.004198123080390536,0.004377458146084479
482.439,0.041075165608701975,0.00509528752144517,0.008137926637979685,0.010694709264076787
482.53900000000004,0.036429426667925126,1.4719182286349053e-06,0.0034663418378255424,0.00912327781332678
482.53900000000004,0.0399606612754444,0.008379679828413256,0.006998713677712915,0.01750442955996867
482.639,0.039113471659786805,0.008025232262015347,0.0034210012871480604,0.005853329027524001
482.639,0.04245469556362947,0.015247060778601718,0.006765557929658707,0.013075157544110372
482.73900000000003,0.038301495410427516,0.007283871094005079,0.0025798290461002114,0.008549202305781378
482.73900000000003,0.04038152466680088,0.007133772987014452,0.004661112044567853,0.008399104198790752
482.83900000000006,0.03758056130546693,0.012896588377141693,0.002847640401446615,0.008119875224626316
482.83900000000006,0.04088471828988079,0.027823482427552282,0.00615879473303295,0.023046769275036905
482.939,0.0386976044133336,0.024802994753703622,0.004014230707219584,0.017249326282172905
482.939,0.043220134733096376,0.049096091386853224,0.008556377780551523,0.04154242291532251
483.03900000000004,0.04412908474290775,0.028891367081691488,0.005359408341199974,0.029640309275777987
483.03900000000004,0.049854934237444845,0.06085426596580934,0.011136551491854992,0.06160320815989584
483.139,0.04506624504027895,0.03132829387306124,0.006467232174802532,0.027788722503402585
483.139,0.05200686384450699,0.051358695223795874,0.013513536278866506,0.047819123854137224
483.23900000000003,0.03917239503757254,0.01314635662376995,0.007594995284716971,0.01574781712589512
483.23900000000003,0.04730854185383045,0.027671914669566533,0.015898572691967768,0.030273375171691704
483.33900000000006,0.040246998659150934,0.00830026011510343,0.008786591399765543,0.011683730676876447
483.33900000000006,0.049589592131158815,0.017006999749245022,0.01834160945372013,0.02039047031101804
483.439,0.03291767358210944,0.005224532481407085,0.00997889917058364,0.006081194104317956
483.439,0.0433993729188838,0.011016858951526931,0.02077959465404538,0.011873520574437803
483.53900000000004,0.03356488502199886,0.0027437699906185387,0.010697887851104116,0.004507830044308215
483.53900000000004,0.04423533476097405,0.004562697587414455,0.021695081941592385,0.00632675764110413
483.639,0.017772085754885633,0.0014274148571162826,0.010777429152877575,0.0006445953961660145
483.639,0.027235498688139084,0.0022126424215938023,0.02177870124455805,0.0014298229606435342
483.73900000000003,0.017763036426607176,0.0007646407069863415,0.01078100329369901,0.0006138116103424629
483.83900000000006,0.013358192153804821,0.010819833500275156,0.00021739536049713301,3.0350901068842973e-05
483.83900000000006,0.022850304414755204,0.010037725041115662,0.01078033217969015,0.0007517575580906488
483.83900000000006,0.0332838212053515,0.010645914984884985,0.021778901045745033,0.00014356761432132717
483.939,0.022762182175719178,0.01159340350617022,0.010778005816402944,0.0020886404294326866
483.939,0.03321292375153533,0.012756728575098464,0.021775947163128112,0.0032519654983609314
484.03900000000004,0.0255753132849143,0.0002828476394931556,0.010779844077471115,0.0006184366750447978
484.03900000000004,0.03623152761097235,0.0013576702952460273,0.02178098938688519,0.0022589546097839808
484.139,0.025587178590321443,0.0017936764146289086,0.01078257955283641,0.0018871441204546535
484.23900000000003,0.022522980485012205,0.0030941495241267884,0.0002206425810650048,3.747964458478136e-05
484.23900000000003,0.03305952430031013,0.0011864894350952504,0.010783347022058874,0.0018701804444467562
484.23900000000003,0.04383006768113126,0.0006539312714766154,0.021787207519861122,0.003710601151018622
484.33900000000006,0.03306013723128143,0.0013337356326683647,0.010782858611270202,0.0013811146249587125
484.33900000000006,0.04383765275411174,4.554851930338444e-05,0.021786356882971904,0.0027603987769304617
484.439,0.03521658486151545,0.0019512577894356122,0.010783048561811974,0.0016469008549040431
484.439,0.046019064748719064,0.0001528204384819709,0.021784934514709264,0.0034453382058576842
484.53900000000004,0.03521387908842184,0.0017119589594467577,0.010782449426180092,0.001646615746975222
484.53900000000004,0.04602419225131786,1.994981920994121e-06,0.021784024172296416,0.0033605696883429736
484.639,0.033078578219280605,0.0026761202190339617,0.010782794482262647,0.0018792957915430009
484.639,0.044015555897965665,0.004959621747744336,0.02178553794735056,0.004162797320253375
484.73900000000003,0.03309382529544244,0.003124978035333292,0.01078350097314539,0.0023059613893496866
484.73900000000003,0.04403485770811289,0.005317089896753391,0.021787529595086345,0.004498073250769785
484.83900000000006,0.037003345581007624,0.0005664130477311956,0.01078312043480982,0.002010124456854889
484.83900000000006,0.04797185117643777,0.0022365881415216116,0.021786889728299733,0.003680299550645305
484.939,0.03701082564361235,0.0001047357368326729,0.010782726474272836,0.0014726737173349491
484.939,0.047981525810104245,0.0018960342065028613,0.021786432305582044,0.003263972187005138
485.03900000000004,0.04195012643210249,0.0018936000831231148,0.010783373255019683,0.002007756104716929
485.03900000000004,0.05292297308743841,0.0040543248204785165,0.021786594469338838,0.004168480842072331
485.139,0.041961114642411285,0.0021245964735907563,0.010783523785217035,0.0020930003805252895
485.139,0.05293617756150431,0.004272740429082322,0.02178665932695572,0.0042411443360168555
485.23900000000003,0.03366977436562974,0.0047334316866263215,0.01078297674060315,0.002120559179302983
485.23900000000003,0.04464195323626453,0.003131227695877925,0.021785375713943008,0.0037227631700513797
485.33900000000006,0.03366582524976141,0.00542326093676504,0.010782297747861826,0.0010973696711835677
485.33900000000006,0.04464247727783772,0.003935305927709631,0.021785181156957916,0.002585324680238976
485.439,0.03377750630245725,0.004350124039036896,0.01078331161815143,0.0019854216656742807
485.439,0.04476548668622217,0.002203081082750913,0.021787132497201146,0.0041324646219602626
485.53900000000004,0.03378002786624597,0.004007487857379921,0.010783625030569828,0.001940965930099736
485.53900000000004,0.04477097571590283,0.0020060560702477304,0.02178717069445297,0.003942397717231927
485.639,0.0337414298286893,0.001953635692543809,0.010783887272603609,0.002204685165779985
485.639,0.04473786703138585,0.0006222348115705323,0.02178800489305503,0.004780555669894326
485.73900000000003,0.0337487064557241,0.0014478419290315792,0.010784402250737481,0.0026892082474492263
485.73900000000003,0.04474747684958631,0.0011790568786618216,0.02178869835766273,0.005316107055142626
485.83900000000006,0.03676984922088613,0.002122336854367024,0.010784319062980375,0.002489948440039136
485.83900000000006,0.047763643604512455,0.005074970687681367,0.021789356502172386,0.00544258227335348
485.939,0.036783287219675456,0.0026860982562908475,0.010785498817595038,0.003442191363412839
485.939,0.04778014078663845,0.006083049326408573,0.02179132795684343,0.006839142433530565
486.03900000000004,0.03828621448660793,0.00036913681243921914,0.010785195559507996,0.0029227811007652704
486.03900000000004,0.04928631615594122,0.0030231446521216117,0.021789805457520246,0.005576788940447663
486.139,0.03829544590891031,0.000272675746786355,0.010784341590288026,0.002389604774997167
486.23900000000003,0.023342254072459,0.004313733129923669,0.00022012403978184265,5.9222995460572754e-05
486.23900000000003,0.03434478749876091,0.0016788653963515365,0.010784270226413241,0.0025756447381115604
486.23900000000003,0.04534839063214754,0.0008989705269399906,0.021788507988199205,0.005153480661403086
486.33900000000006,0.034353083506587084,0.0016779754799483015,0.010784202298410988,0.002429970323783781
486.33900000000006,0.04535734395699212,0.0009037709722918841,0.02178861472154559,0.005011716776023967
486.439,0.03867780902433435,0.002425504244054632,0.010784360642462068,0.0026383155397686764
486.439,0.04968173226242309,0.00015062941554111475,0.0217888239975418,0.005214449199364424
486.53900000000004,0.038686248079705915,0.002505848637754049,0.010784245268697347,0.0024126649878115636
486.53900000000004,0.049690704165005484,0.00011293889423669157,0.02178878981114531,0.005031452519802304
486.639,0.0398973941823628,0.0019559451791426596,0.010785136517846503,0.002818976824288555
486.639,0.05090313657917471,0.005444015115490863,0.021790991689956678,0.006307046760636759
486.73900000000003,0.03990994584023169,0.002734728851570001,0.010786109673373857,0.003676961800717304
486.73900000000003,0.05091579282668426,0.006190978700861827,0.021791917807445122,0.00713321165000913
486.83900000000006,0.029364493572709763,0.007729063978089812,0.010784970526394341,0.0030336606650376297
486.83900000000006,0.04035988906426832,0.005580742098512115,0.02178874989260035,0.005181982544615327
486.939,0.02938159593108252,0.008992320168830227,0.010783163147934304,0.0015632783289838414
486.939,0.040372997562943665,0.006800261445817579,0.021786960918942774,0.0037553370519964884
487.03900000000004,0.03172327433188699,0.0024231102800378324,0.010784883780280302,0.0028221688619849417
487.03900000000004,0.04271874339560184,0.0011344775908384008,0.021790912894863085,0.006379756732861175
487.139,0.03173810483564143,0.0012998070852154875,0.01078629923971089,0.003789341335467267
487.139,0.04272984685744469,0.0023373148445062775,0.02179258794125848,0.007426463265189031
487.23900000000003,0.034889455082664944,0.00010318529036057456,0.010786054005385199,0.0033931244059282055
487.23900000000003,0.04588794526739647,0.0038409131463228437,0.021792574777489363,0.007130852261890475
487.33900000000006,0.03490269869183783,0.0003885157049281496,0.010786607001065564,0.003984226510559186
487.33900000000006,0.04589827896785319,0.004358610545285746,0.021793357336311107,0.007954321350916782
487.439,0.03679949584667785,0.0014704510802889814,0.010786425528271248,0.0036359901937710326
487.439,0.047798781641083865,0.0020975300874779275,0.02179262032156649,0.007203971361537942
487.53900000000004,0.03681370507251431,0.0017536224668410758,0.01078608828141245,0.0034894229316764225
487.53900000000004,0.04781004750337175,0.001907684165554091,0.021792455593090624,0.007150729564071589
487.639,0.03280287426341486,0.004855894285444418,0.010785935764396015,0.003558722089869626
487.639,0.04378350676763147,0.0015239776565967313,0.021791740076253275,0.006890638718717312
487.73900000000003,0.03282394761967071,0.005106020890782492,0.010785749612858461,0.0032097931361381176
487.73900000000003,0.043798063330159516,0.001496374132124334,0.0217919184665859,0.006819439894796275
487.83900000000006,0.028904199268504658,0.04890455945698813,0.010528431609437608,0.0031422276019688056
487.83900000000006,0.03992007231495447,0.05521820460085136,0.021545456627076305,0.009455872745832037
487.939,0.02922495681465193,0.055987064037875456,0.010802862872239598,0.015126227341945684
487.939,0.040251307222533415,0.07322676451383936,0.02182857571948236,0.03236592781790959
488.03900000000004,0.04947770666988774,0.018779765668930356,0.01079382508915559,0.009463794350011323
488.03900000000004,0.060476605945677775,0.017475523217723943,0.021795776524277923,0.008159551898804907
488.139,0.04949038678796957,0.005663817970650519,0.010781272414392614,0.0008363956770582881
488.139,0.06049452455520033,0.011499789515416303,0.021789755045094714,0.004999575867707495
488.23900000000003,0.04884777416415798,0.01218379672600145,0.010789821106150817,0.006860188916029575
488.23900000000003,0.059842142569143136,0.015764774522330157,0.021796532864471307,0.010441166712358285
488.33900000000006,0.04887505903782995,0.0092631012522979,0.010785596159262783,0.002214489040903267
488.33900000000006,0.05987021552482223,0.0136428228618386,0.02179284433961203,0.006594210650443966
488.439,0.037744961994104424,0.0009041085801801962,0.010788461734391151,0.005701772981746345
488.439,0.04874595249280027,0.005029981123517936,0.02179539126673197,0.009827645525084083
488.53900000000004,0.03775753073559034,0.0005115604866903212,0.010785020488823948,0.0023643766142558142
488.53900000000004,0.048759394069593696,0.002846422264708437,0.021791258059832046,0.005722359365654573
488.639,0.03386016400236305,0.004062866318018443,0.01078794288585101,0.0048610500263390755
488.639,0.04486376686446318,0.0009240451237144676,0.021796027322298996,0.009847961468071986
488.73900000000003,0.033873914790856434,0.0035464037872841025,0.010787457342675891,0.0039677123918480115
488.73900000000003,0.04487966844575934,0.0006096976518490393,0.02179524234406285,0.008123813830981153
488.83900000000006,0.043862285674682984,0.0029518396149588177,0.01078891451717275,0.0050645560007747115
488.83900000000006,0.054861457197341125,0.009392194297681566,0.021799683537215963,0.01150491068349746
488.939,0.04388911380065387,0.004843253167140293,0.01079132115063002,0.006739705260912831
488.939,0.05489318843218009,0.011237073380771623,0.02180235456079527,0.013133525474544161
489.03900000000004,0.04419597791748489,0.0037495957149484838,0.01079063896244607,0.006038209111137505
489.03900000000004,0.05520251728956337,0.010273574829096964,0.021801972771654392,0.012562188225285986
489.139,0.04422195693905038,0.0040824551211211535,0.010791464143617403,0.006725228120950888
489.139,0.055231823794791905,0.010958680382664454,0.02180327740916818,0.01360145338249419
489.23900000000003,0.0374181449419452,0.0020350518876157686,0.010791782368668132,0.006690091139091248
489.23900000000003,0.048428777823857364,0.004873760698915319,0.021803669294947155,0.013598903725622336
489.33900000000006,0.03744230978220023,0.0017880528408125151,0.010792429673194031,0.0070617689956091745
489.33900000000006,0.048455480550339394,0.005845029939967716,0.02180546469319256,0.014694851776389404
489.439,0.04300510151922527,0.003339410698623091,0.010400771891369953,0.006766292922020689
489.439,0.05358031563529845,0.009582680168267022,0.020977264535948812,0.01300956239166462
489.53900000000004,0.04226167665645294,0.003262993927577007,0.009630494217951693,0.00817439224847405
489.53900000000004,0.05198542891991493,0.012207664753954184,0.01935412472339321,0.017119063074851226
489.639,0.05047782031248959,0.011835944138219645,0.009154331588762039,0.00902358427565142
489.639,0.05974333041604135,0.02018996259821293,0.018419648810054,0.017377602735644704
489.73900000000003,0.0498493613067906,0.011707319417511464,0.008493865623928095,0.00926893003337792
489.73900000000003,0.05836604293127165,0.021203204103022344,0.017011122395937293,0.018764814718888797
489.83900000000006,0.03880073903610979,0.004886589148208387,0.007529870419125149,0.009974925715624305
489.83900000000006,0.046220597492154666,0.014881675896306401,0.014953229799602879,0.01997001246372232
489.939,0.038139609289625384,0.005476871239891601,0.006834456596131403,0.010725299802532895
489.939,0.044927267537950843,0.015788946898471767,0.013630506700822977,0.02103737546111306
490.03900000000004,0.038033623075874996,0.00535198420281624,0.006303654581221204,0.010482199688436111
490.03900000000004,0.04428666146157236,0.015959485238273174,0.012564471979597714,0.021089700723893046
490.139,0.03757635916978131,0.005851080022780453,0.005811335289930448,0.011322124619210118
490.139,0.04331089632274138,0.016500314289904505,0.011559910372822717,0.02197135888633417
490.23900000000003,0.036977301747862304,0.001548612187110887,0.005359212494874049,0.010662566142572105
490.23900000000003,0.04224186885362691,0.010522074231666734,0.010635338489412787,0.022733252561349726
490.33900000000006,0.0365996576533089,0.0004361451278338535,0.004939361469769925,0.011820936961861817
490.33900000000006,0.04141731959708832,0.010249175259963826,0.009776657829375063,0.022506257349659498
490.439,0.04551891721225885,0.005675419133759797,0.004724340277926577,0.009782405570487374
490.439,0.05032131256107704,0.016144689843206717,0.009537672626238029,0.020251676279934294
490.53900000000004,0.04536218889888478,0.005851459293933825,0.0045364544524767545,0.010664359494860332
490.53900000000004,0.04977118320251449,0.01597245474037945,0.008962282120934252,0.020785354941305956
490.639,0.04447050644452539,0.005573385107450868,0.00471708989270918,0.009073620921802306
490.639,0.04882366614920999,0.015658452243000553,0.009085228935829158,0.01915868805735199
490.73900000000003,0.043595969655732786,0.006722957869635949,0.0038068184066842223,0.011946854935271478
490.73900000000003,0.04723647647940577,0.01902554540255963,0.00746804757149411,0.02424944246819516
490.83900000000006,0.03606398695755861,0.004616196283724561,0.003376150067380609,0.010658288018903228
490.83900000000006,0.038684322193034554,0.021830560713005157,0.006015073676470022,0.02787265244818382
490.939,0.03485294356933035,0.014951297465945812,0.0021056076574010553,0.029257417841643818
490.939,0.03613886910810079,0.051465193544532495,0.0034115617075889033,0.0657713139202305
491.03900000000004,0.03475903166244365,0.05296579327467743,0.00011742175453208006,0.039712376512099024
491.03900000000004,0.03482863078745631,0.09511295382159779,0.00018779987220041906,0.08185953705901938
491.139,0.034844349957124335,0.05344324698973502,5.857171868491412e-05,0.037682632243818626
491.139,0.03490280782619518,0.08332277870117431,0.00011846129329247457,0.06756216395525792
491.23900000000003,0.034553175328872976,0.06774319961608488,5.207614156412028e-05,0.026993144685715675
491.23900000000003,0.03459929630675242,0.0963905238897762,9.986166145655728e-05,0.055640468959407
491.33900000000006,0.03464699676156938,0.06689404170276103,4.648219010724192e-05,0.027669671100316817
491.33900000000006,0.03468398137050467,0.08918595868327905,8.53105878820875e-05,0.04996158808083484
491.439,0.036048323047918086,0.05758179731116142,3.427548241212549e-05,0.0182619106156392
491.439,0.03607491819751079,0.07474128104950184,6.264559907310026e-05,0.03542139435397962
491.53900000000004,0.0361013940704245,0.05418177965311899,2.7730654083578028e-05,0.016892557642223416
491.53900000000004,0.03613034522763568,0.06904325361978114,5.740055830488814e-05,0.03175403160888557
491.639,0.03691452983555387,0.05171699311407818,2.400293870881252e-05,0.012314619214614186
491.639,0.03693147475733362,0.06263314887821948,4.2050660599962345e-05,0.023230774978755475
491.73900000000003,0.03695079671455795,0.05037480939760641,2.066419177471688e-05,0.012075706109328843
491.73900000000003,0.03696739366632928,0.06564047448704668,3.7227847395131266e-05,0.027341371198769115
491.83900000000006,0.03387124460027231,0.05104541548978614,0.0006491074907035328,0.001777694093483051
491.83900000000006,0.03503867100344581,0.05090319653954389,0.001892706021837384,0.0016354751432408055
491.939,0.034800671329513505,0.049628390485363605,0.0016590758190220486,0.015833721835681214
491.939,0.037131311723533025,0.07984665073898567,0.004150355158523561,0.04605198208930328
492.03900000000004,0.03596839606806096,0.0698895452828443,0.0031698449465661924,0.03041240551033253
492.03900000000004,0.03953108665983112,0.09458669999092395,0.006963206080278446,0.05510956021841218
492.139,0.03696391361928992,0.06386720653009736,0.0043090748835400055,0.02230139066049075
492.139,0.041655512778451635,0.08538032164712694,0.009334770561661786,0.04381450577752033
492.23900000000003,0.037902115104992105,0.05086247036352076,0.005450839034795109,0.01759824003125754
492.23900000000003,0.04378420365107848,0.06391738175083095,0.011697528287600277,0.030653151418567726
492.33900000000006,0.038865206710246535,0.042915190901329,0.006621296721345236,0.00940544207243077
492.33900000000006,0.0459347195593074,0.052234113736670196,0.014108770019697077,0.018724364907771962
492.439,0.03697542426503352,0.03936557497974146,0.007800893652774003,0.008509066598529458
492.439,0.04529900720745363,0.04683816734507818,0.016525889778295576,0.015981658963866163
492.53900000000004,0.03791946929046889,0.037180433610197516,0.008974382099491139,0.005703332846785258
492.53900000000004,0.04747672468461037,0.042587776360478946,0.018943890333771186,0.011110675597066688
492.639,0.03891936586696711,0.036524010517804406,0.01007674178209065,0.0050032369657528886
492.639,0.049606336231173005,0.041827915970450665,0.02104384341323949,0.01030714241839914
492.73900000000003,0.03944940712991282,0.036445448445348916,0.010786250286421172,0.005037151940142204
492.73900000000003,0.050202426264255584,0.040374127533078,0.0217919084465355,0.008965831027871296
492.83900000000006,0.031216810181364962,0.03270054781438713,0.010788000934367246,0.0032084572421264834
492.83900000000006,0.04206281956549351,0.036720961329258506,0.02179648348317074,0.007228870756997852
492.939,0.031110441902130248,0.03316940925106904,0.010787972097006682,0.004556121866275963
492.939,0.041979822766035915,0.03730466390741748,0.021797944667981305,0.008691376522624417
493.03900000000004,0.039717337909989006,0.04830084988861593,0.010786702254033968,0.0038884585290765994
493.03900000000004,0.05069471621770357,0.054381809698300865,0.021799507978682332,0.009969418338761526
493.139,0.03968055753929536,0.05035967520917306,0.010788701248655145,0.00704568945587436
493.139,0.05066464343084055,0.056069418504636204,0.021798296209080973,0.012755432751337503
493.23900000000003,0.04101582742701199,0.04650085076059152,0.010786889754630312,0.00426068403787272
493.23900000000003,0.052022118562111704,0.05090885785755406,0.021795016023818732,0.00866869113483526
493.33900000000006,0.041044522441048885,0.04609849060712845,0.010785780444014258,0.00499725633081316
493.33900000000006,0.05205287342537836,0.0509767628458877,0.02179421656564602,0.009875528569572412
493.439,0.04157335715777844,0.044077250376939325,0.010788626362023922,0.004094349942055153
493.439,0.05257271846639215,0.048078500794916934,0.02179716749125006,0.008095600360032764
493.53900000000004,0.04166639619144338,0.04368490815089454,0.010788380300943284,0.0042845039083208025
493.53900000000004,0.052657061571002604,0.0481320332886721,0.02179489151047484,0.008731629046098366
493.639,0.042459357955571014,0.05423905878834501,0.010787510492849895,0.004193525822275168
493.639,0.05343185346148048,0.05971486926998981,0.021796993768297402,0.009669336303919973
493.73900000000003,0.04263600630971261,0.05566755311561722,0.010789958085568667,0.00645833663760631
493.73900000000003,0.05359415187577843,0.061585843228873165,0.021798552779350472,0.012376626750862263
493.83900000000006,0.042584934779212685,0.05145537883311291,0.010787389686848333,0.004705675811778499
493.83900000000006,0.05351898320160517,0.05575356719829716,0.02179520440031118,0.009003864176962752
493.939,0.04278597258287417,0.0504613579823483,0.010787997818868534,0.004402832245043786
493.939,0.05369965625116533,0.05517970019480645,0.021795785112617896,0.009121174457501935
494.03900000000004,0.03759115840824266,0.038057085677907,0.010788247933086123,0.004411656672444808
494.03900000000004,0.04833106880554716,0.04178311082081288,0.021794872271062023,0.008137681815350684
494.139,0.0378316452718692,0.03701672145908286,0.010786405723742485,0.0031471788175714277
494.139,0.04853941945590406,0.04069477983841608,0.0217923770430912,0.006825237196904643
494.23900000000003,0.04458677856015953,0.06151155658013274,0.01078821007063319,0.00424030262048114
494.23900000000003,0.05536191570486764,0.06786517199398245,0.021798865088194605,0.010593918034330851
494.33900000000006,0.044985177515056256,0.06472850873236002,0.010793256299741823,0.008533349311891094
494.33900000000006,0.05573314107340247,0.07269353359492103,0.02180518672619179,0.016498374174452102
494.439,0.04774948975326324,0.056912527412293586,0.010789714780788212,0.005547130990881666
494.439,0.05849172907161121,0.0611009430415781,0.021798923180067868,0.00973554662016618
494.53900000000004,0.04810728364763438,0.0548097410416134,0.010788887573665045,0.004917124061968536
494.53900000000004,0.05881829952115676,0.060847533126753395,0.021799337540941807,0.010954916147108529
494.639,0.04556923760435674,0.05592720624570757,0.01079058600068982,0.005728434017085782
494.639,0.056148561295747294,0.061625340384911416,0.02180052905999373,0.01142656815628962
494.73900000000003,0.04600851328709899,0.05576203771354993,0.010790212404728302,0.0058532937293773735
494.73900000000003,0.05655124923722834,0.06199799761530455,0.021800770024170475,0.012089253631132002
494.83900000000006,0.03770404309411507,0.03594000202588454,0.010789389067107812,0.005812611783267752
494.83900000000006,0.0477347044868446,0.040658619846051236,0.021797885453828252,0.010531229603434444
494.939,0.03809449018926716,0.03464200045548782,0.010787861965904737,0.004276137710303662
494.939,0.04808886848733831,0.039994195505610446,0.021797088190448444,0.009628332760426295
495.03900000000004,0.04153847041651028,0.039683500795352544,0.010790760329229817,0.006050043906966507
495.03900000000004,0.05153995795131203,0.046727545709994045,0.021802522462178047,0.01309408882160801
495.139,0.041992979218165596,0.04098633464063395,0.01079265579151532,0.007130463434984247
495.139,0.05197783140886431,0.04817263736706967,0.02180548357907861,0.01431676616141997
495.23900000000003,0.036938300543378426,0.036905437100955625,0.010201507939924023,0.007147907759004979
495.23900000000003,0.04543324986414767,0.04544993475720793,0.020354071694134456,0.015692405415257293
495.33900000000006,0.0368259424696954,0.03870253890172038,0.009416740393925956,0.009831043594239364
495.33900000000006,0.04455189736796079,0.048348093077223986,0.018732953821494112,0.019476597769742976
495.439,0.040504111407379084,0.04478369594189247,0.008769775479012852,0.008823379921075736
495.439,0.047992939322425494,0.05376873549716854,0.017498710403347998,0.01780841947635181
495.53900000000004,0.040486649904090254,0.04477341151041159,0.008163452760598117,0.009646119646110951
495.53900000000004,0.047327103901245206,0.0545676312523894,0.01617453639110283,0.019440339388088753
495.639,0.047602132412760595,0.001703376463567663,0.007698199258447165,0.008611070211472671
495.639,0.05482289506135683,0.0013167685415298447,0.01542659043012907,0.008224462289434853
495.73900000000003,0.0472047275973595,0.010497645721314286,0.007277763358351831,0.008162197751128475
495.73900000000003,0.053783307745510454,0.014779643759550432,0.01436163403853787,0.012444195789364619
495.83900000000006,0.05008969745157049,0.0014785431404495952,0.006819461604017206,0.002893791046858607
495.83900000000006,0.056485181223531654,0.00411237899679362,0.013522677389583206,0.0055276269032026315
495.939,0.049792294340639025,0.003243289423550899,0.006479438180377879,0.002148612575312958
495.939,0.05573882636350328,0.0004650642681925943,0.012724399671636888,0.004926837730671263
496.03900000000004,0.05004131458510619,5.439425418007904e-05,0.0059328188114908574,0.0019368697117621014
496.03900000000004,0.05570620775413292,0.0025689043934519207,0.011780219329400677,0.004451379851033943
496.139,0.04980804413279196,0.0016980461207258823,0.0056816977666074115,0.0017542840623845368
496.139,0.054987747960815035,0.00025965865582722186,0.011034374133866978,0.003711988838937641
496.23900000000003,0.046805008744636174,0.0016939594536010685,0.004762289282801691,0.0005678261358058601
496.23900000000003,0.05149887374222524,0.0014916483452083185,0.009575570194642922,0.0007701372441986098
496.33900000000006,0.04641955868980324,0.0010051255248266777,0.004365305654193168,0.0015318487950362059
496.33900000000006,0.0507182827883963,0.001169076716798334,0.008778020597447209,0.0016957999870078622
496.439,0.03663507280490783,0.06834301655415263,0.003732248422821033,0.004489786854390165
496.439,0.04009132127688831,0.08455442699633153,0.007400507840316467,0.02070119729656905
496.53900000000004,0.036560613033785834,0.08285806689539177,0.003386836617377133,0.020133755183260323
496.53900000000004,0.039752356954677326,0.10232134696510897,0.006750824060533182,0.03959703525297753
496.639,0.03972749171303298,0.011565078648933635,0.0032185171292523217,0.015651210659939574
496.639,0.042877721710808586,0.015948208092914973,0.006440048206656813,0.020034340103920915
496.73900000000003,0.03905880560354596,0.0006151896736434903,0.0024916183145570507,0.0013097324157449464
496.73900000000003,0.040997916943892994,0.017145032616269873,0.004473701188751043,0.01906995470565831
496.83900000000006,0.03853102934011746,0.03157003717123652,0.0013406464873599463,0.03136532815132986
496.83900000000006,0.0392976072899345,0.06671320713264828,0.0021136636217716446,0.06650849811274162
496.939,0.03781372160717073,0.041460486914029586,0.0004960708210477924,0.031964905799396925
496.939,0.03790320729504381,0.0801311942734174,0.0005859945727132018,0.07063561315878475
497.03900000000004,0.03451396257158003,0.017794262695651653,7.0620258299195e-05,0.04591074929686712
497.03900000000004,0.03458111487734456,0.05565793869079677,0.00013792544469389928,0.08377442529201223
497.139,0.03462326996716594,0.008208444247441105,4.294819345664318e-05,0.023916980655022513
497.139,0.03466427494177673,0.029343282264507723,8.395143436205409e-05,0.04505181867208913
497.23900000000003,0.033632952817324764,0.0012748852822550005,4.607856486417149e-05,0.025270799449022274
497.23900000000003,0.03367367498284631,0.02611398932477893,8.683994908169423e-05,0.050109903491546204
497.33900000000006,0.03370217029139844,2.6529673901931616e-05,3.246175130178151e-05,0.017973298299833965
497.33900000000006,0.03373155823547003,0.013961687541045709,6.189418896092807e-05,0.0319615155147816
497.439,0.03358750460644828,0.004994505983103525,2.663230782340218e-05,0.014633312213171821
497.439,0.03361447805952642,0.021295370604153707,5.3814998186358775e-05,0.030934176834222005
497.53900000000004,0.03363795980627866,0.005819123736026055,2.3976624299878814e-05,0.014188863481175986
497.639,0.03208854585987843,0.002904739630656239,4.974367063048807e-07,0.00018638693057793088
497.639,0.03210269144840065,0.006825525873814631,1.4316467004723083e-05,0.009543878573892939
497.639,0.03211628771927817,0.01878017899734913,2.7872527916896284e-05,0.02149853169742744
497.73900000000003,0.03248548515890037,0.0036323754588575285,0.000374061675390465,0.0026119023644900485
497.73900000000003,0.03368963889969048,0.0058096973370149185,0.0016122418325609164,0.0068301704313823985
497.83900000000006,0.03360228629747082,0.013723832223485053,0.002382869511043343,0.008281031372859904
497.83900000000006,0.03604798935101215,0.013859826400043353,0.004879639345297834,0.0084170255494182
497.939,0.03475474111156808,0.004866905178616321,0.003568712949716934,0.0016636212357211688
497.939,0.038429804923702585,0.007517840085666138,0.007314357106781691,0.000987313671328649
498.03900000000004,0.03379195146285818,0.008176779711183968,0.004740790057762084,0.004383253341603666
498.03900000000004,0.03871135294649904,0.00967476960757463,0.009739434479008413,0.005881243237994327
498.139,0.03496148699162124,0.005485954913284741,0.005926762573323703,0.001006290648043362
498.139,0.041116156283095964,0.005389041507333213,0.012174081471540619,0.0011032040539948884
498.23900000000003,0.03572036138862671,0.0012276193123406665,0.007099901594556428,0.0013787700175080797
498.23900000000003,0.04312950798702523,0.0016958642008579883,0.014599959420293768,0.0018470149060254017
498.33900000000006,0.03688719595300366,0.0004700689365683686,0.008282080232630471,0.001329022451671269
498.33900000000006,0.045534759852582686,0.0007792736296223235,0.017029823025488285,0.0025783650178619606
498.439,0.038311972519265686,0.0007714728868618015,0.009456566628739112,0.00013931950851231445
498.439,0.04820683131286968,0.0010857548751539992,0.019455269769816905,0.00017496247977988322
498.53900000000004,0.03931305019579618,0.0014043553943863252,0.010466733422228744,0.000520921752237502
498.53900000000004,0.05020466481629468,0.0004095682195425221,0.021467414220176152,0.0015157089270813051
498.639,0.0377662808163125,0.004185373898889344,0.010780930764520854,0.0006960394596582375
498.639,0.04868364422945453,0.003988052550104204,0.021781086469275197,0.0008933608084433775
498.73900000000003,0.03778427645871742,0.004781769955282011,0.010779349761669934,0.00016892367043963574
498.73900000000003,0.04870201224507797,0.004212229091051456,0.0217836344360354,0.0007384645346701911
498.83900000000006,0.035325579643099216,0.002930465403885918,0.010779054663871824,0.0007355431722353423
498.83900000000006,0.0462420035069963,0.0020749588195359547,0.021782608623035427,0.0015910497565853055
498.939,0.035340125966527816,0.00268589574510375,0.01078223988631713,0.0009387971749265089
498.939,0.04624460496922006,0.001731168504525482,0.02177808395480953,0.001893524415504777
499.03900000000004,0.034622234109009366,0.00011682239549998252,0.010776956166802916,0.0009074225281069381
499.03900000000004,0.04554270625124861,0.0011274442533951712,0.021776637480002563,0.002151689177002092
499.139,0.03462611781033473,0.0003030632706750302,0.010781482236205434,0.0015561699399287976
499.139,0.04554414595840787,0.001722719294354802,0.02178214230017589,0.0029758259636085693
499.23900000000003,0.03496105113338199,0.0014533615221287708,0.010782663600174911,0.0010720895752154291
499.23900000000003,0.04591320313971002,0.0027138047311849878,0.021787090458662624,0.002332532784271646
499.33900000000006,0.03496703591819429,0.0015783033791725298,0.010782791125505722,0.0016229884651722815
499.33900000000006,0.04591437043583931,0.0031416122191383904,0.021784387183752457,0.0031862973051381416
499.439,0.03725468535014759,0.0041613573532252035,0.01078309610129463,0.0011570062239336654
499.439,0.048185405838483915,0.005394422432864476,0.021786310439330384,0.002390071303572938
499.53900000000004,0.037246817034858,0.004107688095846163,0.010779911839687488,0.0015306288197693974
499.53900000000004,0.048177370879706125,0.005619348103940824,0.021783666141099597,0.003042288827864059
499.639,0.03696492508664249,0.007572823050179367,0.010779877840579398,0.0008180082988443194
499.639,0.04792676330872201,0.008235359255359676,0.02177778780302493,0.00015547209366401082
499.73900000000003,0.0369805219846934,0.009188076450717453,0.010777459128535378,0.0008501012159629061
499.73900000000003,0.04794144042989042,0.009005892670437441,0.021777380821446077,0.0006679174356828965
499.83900000000006,0.037891328628005906,0.0030173540172607205,0.010781981640278854,0.0008449198556395587
499.83900000000006,0.04887227738024685,0.0016371939413960535,0.021783674124801478,0.0022250799315042258
499.939,0.03790060464538328,0.00226430275984979,0.01078184039757381,0.0013385853920325763
499.939,0.04887955738191889,0.001156264100176052,0.021784089110765018,0.0024466240517063143
500.03900000000004,0.044266740508433586,0.014317436442370601,0.010783964791779978,0.0014431531618736004
500.03900000000004,0.05526121802157114,0.0181181393712192,0.021789404832133482,0.0052438560907222
500.139,0.04426554219250933,0.016878953537571573,0.01078625321630366,0.004724194973510287
500.139,0.05525960395064209,0.02010295995553646,0.021791736967920503,0.007948201391475174
500.23900000000003,0.04326179978010437,0.009492037176411394,0.010781997817170756,0.0014204258711215667
500.23900000000003,0.05424059898368981,0.011074765343508262,0.0217788955985625,0.00016230229597530288
500.33900000000006,0.043273794378175634,0.013536794518169859,0.010776588504050865,0.0026608811118406517
500.33900000000006,0.05425312182080061,0.014544947983019918,0.021774807180675634,0.0036690345766907106
500.439,0.037200086116574764,0.00216106299346841,0.010780745032797062,0.0004017665590177466
500.439,0.04816149261796973,0.0008950667332511819,0.021783205521205867,0.0016677628192349747
500.53900000000004,0.037207219179848636,0.0005554910521624046,0.010782192932926466,0.0013856496949132269
500.53900000000004,0.04816573398546215,0.0005690306647706533,0.02178458541076026,0.0025101714118462852
500.639,0.037571623869231664,0.00795339442521692,0.010781196565670803,0.0009700931138950653
500.639,0.04848340585499519,0.007813687230057487,0.021781672193560166,0.0011098003090544983
500.73900000000003,0.03759903457671385,0.00913339455972395,0.010779096317774087,0.0006515880370941973
500.73900000000003,0.04850537887926006,0.009340757396135324,0.0217791358497879,0.0008589508735055705
500.83900000000006,0.03344296571773863,0.005000138335559179,0.010780962465371692,0.0006012096065246552
500.83900000000006,0.04436596261886661,0.0036592712858431464,0.021783260782285846,0.0019420766562406875
500.939,0.033461182201842146,0.003746031683709905,0.010782314783345914,0.0016217522995399805
500.939,0.0443774913963834,0.0023761503306687914,0.02178478250057694,0.002991633652581094
501.03900000000004,0.03611455620251266,0.0029172006333201272,0.010782546775090333,0.0011650224597506975
501.03900000000004,0.04708379439748938,0.00507347270687758,0.021786409533337527,0.00332129453330815
501.139,0.036117241193803086,0.004208506513589394,0.01078527709958886,0.0033167002622590536
501.139,0.04708437087376688,0.0072177283930912614,0.021790160099147565,0.00632592214176092
501.23900000000003,0.039681413180911,0.0011801003819923994,0.010783235016758735,0.0017514039919052091
501.23900000000003,0.05065149391379104,0.0022136300759360017,0.02178533907152553,0.0027849336858488116
501.33900000000006,0.03968545359962569,7.127677054902248e-05,0.010782560087962564,0.0014366453548780023
501.33900000000006,0.05065434086955728,0.001969611335132404,0.021785473673554684,0.003334979919461384
501.439,0.03835402424729267,0.0030293081307165843,0.01078261580642617,0.0015815773897016603
501.439,0.049342044116442316,0.0019830932635964416,0.021784615368729075,0.002627792256821804
501.53900000000004,0.03836256946290812,0.0036725862672158387,0.010781897089175109,0.0010227533176737913
501.53900000000004,0.04934886290960516,0.0022669372114025033,0.021784263663278205,0.0024284023734871263
501.639,0.04252675771266388,0.0059906609787527265,0.010781826814690684,0.0012925208860224136
501.639,0.053476140268982696,0.005735191218596197,0.021782436885694374,0.0015479906461789426
501.73900000000003,0.042543540145122995,0.00710151911437984,0.01078007945452828,0.0001778471269925086
501.73900000000003,0.05349004615722691,0.006559018662635335,0.021781038806940805,0.00036465332475199563
501.83900000000006,0.04368759243515933,0.00034513333931265877,0.010782149257969033,0.0012097582029387266
501.83900000000006,0.05463315313091325,0.001542840477248869,0.021785152997368273,0.0030977320195002545
501.939,0.04369346081247072,0.0006176829766390557,0.01078323557950697,0.0019295455497729819
501.939,0.05463514887555855,0.002273101926612092,0.021786127234410427,0.0035849644997460184
502.03900000000004,0.0468078963952254,0.004418175202728192,0.010782346713060716,0.0014343564765239292
502.03900000000004,0.05774299836634229,0.0035365323959206663,0.021783944287407455,0.0023159992833314547
502.139,0.04682386788865671,0.005186344442204283,0.010781099789832771,0.000498598501439601
502.139,0.05775505542110063,0.004329363331926184,0.02178263925179088,0.0013555796117177001
502.23900000000003,0.040212045322954616,0.005513846488377827,0.01078259907713721,0.0013529386097976825
502.23900000000003,0.051110655048429536,0.008214742449493384,0.02178718763102092,0.00405383457091324
502.33900000000006,0.0402007643166756,0.007327682072659075,0.010785372529995948,0.0034613253155826307
502.33900000000006,0.051095477593201544,0.010220323617588706,0.02179023117548839,0.006353966860512261
502.439,0.02986710598614198,0.013589467006091038,0.010784252336343652,0.002131035356545158
502.439,0.04061450074260076,0.01648119777492424,0.0217893908214213,0.005022766125378358
502.53900000000004,0.029805993664311373,0.01426279043379064,0.010786136636888656,0.003844516264583847
502.53900000000004,0.04055935939585913,0.017805717653306158,0.021792017198100262,0.007387443484099365
502.639,0.03900161733051014,0.0013876376854101424,0.010784041516909088,0.0024474981841613175
502.639,0.04981991418756169,0.0021158511775220545,0.021785323595018825,0.00317571167627323
502.73900000000003,0.03900285237564465,0.0013958074592330394,0.010779687165341716,0.0006374471099503676
502.73900000000003,0.04982119329832755,0.0012314683684459815,0.021780200072488883,0.0004731080191633097
502.83900000000006,0.04066105735241439,0.0006353445942879898,0.010781858459960516,0.0013602971047621817
502.83900000000006,0.0514867552973564,0.0020297797435583353,0.021784016994229247,0.002754732254032527
502.939,0.04066001217229016,0.0012465954484351949,0.010781946168854497,0.0009738617603292643
502.939,0.05148303663429616,0.0024994590061080957,0.021784238202298647,0.0022267253180021647
503.03900000000004,0.034882223322077334,0.002628328972303473,0.010782648610741368,0.0016204319024315794
503.03900000000004,0.045654189261833525,0.0010766417320165478,0.02178530268080764,0.0031721191427185047
503.139,0.03490041877304069,0.0025577692737056568,0.010782446091274805,0.001286781360926026
503.139,0.04566393593958334,0.0009936344621107873,0.021785218353710986,0.0028509161725208954
503.23900000000003,0.04398435938535999,0.0022433069173278535,0.010782352476780875,0.001629897621279075
503.23900000000003,0.05473625774507387,0.0015069055426482625,0.021783684153121464,0.0023662989959586656
503.33900000000006,0.044000198444809846,0.0031060589805825545,0.010781071885842583,0.0002707316402506543
503.33900000000006,0.0547478400414976,0.0020125476506334117,0.021782899733700394,0.001364242970199797
503.439,0.05765092670632752,0.0017840699118953085,0.01078313955066884,0.0018538282092818437
503.439,0.06851893701036713,0.004215720503586484,0.021787146902136782,0.004285478800973019
503.53900000000004,0.05765044151596408,0.0026603519276497682,0.010784030127718001,0.0023307229597832047
503.53900000000004,0.06851236249366986,0.004981074478906333,0.02178813838613263,0.00465144551103977
503.639,0.04601034918661059,0.00394926879477131,0.010785639598562059,0.002769895685134249
503.639,0.0569137897656585,0.009379549926218672,0.021794620637779386,0.008200176816581611
503.73900000000003,0.04580522511107668,0.007063067365274178,0.010580529908919641,0.006678616733491433
503.73900000000003,0.056357301107184773,0.012606235773324065,0.021250408956140086,0.01222178514154132
503.83900000000006,0.039400664051159474,0.0027220085259223037,0.01000607337476046,0.003577385955401552
503.83900000000006,0.048787380527324224,0.003171291837987394,0.01958020224135203,0.003128102643336461
503.939,0.038365121923029294,0.006506439912689871,0.008912376293278538,0.0009265262838433763
503.939,0.046899947360714296,0.0006508067465211265,0.01763921979846226,0.006782159450012121
504.03900000000004,0.04697033723769493,0.004816650517450144,0.008369882733576526,0.006248301371870879
504.03900000000004,0.05516079985407578,0.0078947051313156,0.016729192682669664,0.009326355985736334
504.139,0.04664832527976655,0.0016902299502358775,0.008039612579391264,0.0017547586770852441
504.139,0.054234072916798444,0.0054026072276233406,0.01579069005812526,0.005467135954472707
504.23900000000003,0.03691273487147885,0.00031473615231689117,0.007234491371631868,0.004860990621814222
504.23900000000003,0.043325541363756596,0.0036304440143448136,0.013954351084132918,0.008176698483842143
504.33900000000006,0.03614623702778379,0.0012491675409504188,0.0064105026752573815,0.0013921873571880738
504.33900000000006,0.042003489549691166,0.0008507129975023064,0.012571172813905095,0.003492067895640799
504.439,0.05182353093052853,0.0006048739139237619,0.005982483635570876,0.003562934614360039
504.439,0.05789303594190843,0.004217528531691508,0.012190414634524747,0.007175589232127785
504.53900000000004,0.05183149769902665,0.0010528681132975365,0.005984792306731795,0.0025890050814177806
504.53900000000004,0.05757325578697114,0.003525334776265348,0.011864582405620931,0.005061471744385593
504.639,0.05034917477320086,0.005278763737900774,0.005629202883370646,0.003850287372567693
504.639,0.05559937786574142,0.012177127465612142,0.010990074018932061,0.01074865110027906
504.73900000000003,0.049575524269734675,0.008485992155537789,0.004837233101759621,0.006989169313150621
504.73900000000003,0.0543480106382183,0.013473409043777987,0.009726508057994966,0.011976586201390818
504.83900000000006,0.054185161145555175,0.006198858264158141,0.004622889394264171,0.004331061328220462
504.83900000000006,0.05879428702241064,0.012462632237538324,0.009315074013044588,0.010594835301600644
504.939,0.05385938481583667,0.00776324294494693,0.0042842492089751605,0.006993474546848288
504.939,0.058075591784830564,0.013397618617073753,0.008587968856518191,0.012627850218975112
505.03900000000004,0.05528199727412773,0.006328207838199756,0.0040024721938289225,0.004658581500547439
505.03900000000004,0.0592441092987761,0.012956368373272444,0.00803285526291678,0.011286742035620127
505.139,0.054997929494124964,0.007935058305805293,0.0037015868481259603,0.007788385695834593
505.139,0.058620121248937306,0.014386869372011023,0.007396874473329232,0.014240196762040325
505.23900000000003,0.051616826446507856,0.004735394478324606,0.003326040198815132,0.004967406592947143
505.23900000000003,0.05481514743414913,0.011157685203508114,0.0065953854742293785,0.011389697318130651
505.33900000000006,0.0521455716558114,0.006642003733600038,0.0038541395336498157,0.008662931268667927
505.33900000000006,0.05452120352856588,0.020852816478376165,0.006291288052531889,0.022873744013444053
505.439,0.04717434262424124,0.018931385585876054,0.0012237601494405656,0.017657370919999353
505.439,0.04793349444188975,0.035335541332455665,0.0020091303088280673,0.03406152666657897
505.53900000000004,0.04635249584008677,0.017526809539912314,0.0003216791642722636,0.012031305418299606
505.53900000000004,0.046374063378758296,0.02734584793463371,0.0003436873519301794,0.021850343813021006
505.639,0.03953093235679314,0.006290591037212335,1.2041020193649814e-05,0.009707328411104284
505.639,0.03953078577839487,0.004133012354071819,1.1802229598108407e-05,0.0118649070942448
505.73900000000003,0.03999660502186087,0.015967397630628273,0.0004871941321806665,0.00504958620895974
505.73900000000003,0.04114575049444731,0.009986291048891524,0.0017006914843893926,0.0009315203727770088
505.83900000000006,0.037887946322836125,0.009172834432083138,0.0016928024764560003,0.0223600052645158
505.83900000000006,0.04021861054896028,0.0380377918812852,0.004170716754429211,0.05122496271371786
505.939,0.0389530487680932,0.02338413083379713,0.002781933752721438,0.026144250359608753
505.939,0.042342711224671134,0.05258855850140147,0.006437335864686204,0.055348678027213084
506.03900000000004,0.04020439330521884,0.018587229400889,0.004099810578163544,0.04027472813220228
506.03900000000004,0.0447458216536544,0.07040982076738363,0.009091658968075407,0.09209731949869693
506.139,0.04132878775788782,0.03665613437584764,0.005327635222609303,0.05463908927552669
506.139,0.046798023220122976,0.09402875797610333,0.011584073539602299,0.11201171287578238
506.23900000000003,0.04421945173390917,0.038095038305481214,0.00651768546012635,0.063292979640789
506.23900000000003,0.05062067950698683,0.11115073094489081,0.014023353727408587,0.1363486722801986
506.33900000000006,0.045659249563691266,0.05587526877013538,0.008477299880919085,0.08159681218311732
506.33900000000006,0.05267958230848646,0.14833460803595677,0.017362303933085015,0.1740561514489387
506.439,0.04197208617330216,0.0688826529759128,0.009842813413993574,0.08933834317165779
506.439,0.049380540199198575,0.15176374020700611,0.01996553013430085,0.1722194304027511
506.53900000000004,0.041791965472374064,0.05720093796378933,0.010685311694828854,0.07675390663388683
506.53900000000004,0.04913606206292278,0.1294285864510969,0.021792219876832088,0.14898155512119438
506.639,0.04399920338480099,0.04993182567498988,0.010788855931902385,0.06582374743075903
506.639,0.05198542441951828,0.10913509886366013,0.021882901036564394,0.12502702061942927
506.73900000000003,0.04343177678857457,0.03722928591722763,0.010773008526766879,0.05302055120513205
506.73900000000003,0.05075210722086855,0.08460263712036477,0.021852215689276762,0.10039390240826918
506.83900000000006,0.034260565513009225,0.03171053025070014,0.01075807007126373,0.04167576394872974
506.83900000000006,0.04169954495215827,0.06671192836238271,0.02182197466105615,0.07667716206041231
506.939,0.03388500756548382,0.019493655469372984,0.010738132586975552,0.029096205558629462
506.939,0.04096962137218184,0.042151415485127026,0.021780441681390497,0.0517539655743835
507.03900000000004,0.04371341499569938,0.013611642041997163,0.010718757069016016,0.01737766292151255
507.03900000000004,0.05337718849960602,0.024235321655247336,0.021732072029087682,0.02800134253476272
507.139,0.04364424597769827,0.0017848933253954424,0.010691022447746015,0.005173065198489812
507.139,0.053234456106319876,0.00013688725288574233,0.02165495249381615,0.0035250591259801123
507.23900000000003,0.03569278517299245,0.009117874068979239,0.010688658983941054,0.006602266716690731
507.23900000000003,0.04535249304515906,0.02184769761348737,0.0216713032249654,0.019332090261198864
507.33900000000006,0.03598457185101498,0.01937317185801879,0.010823768189652099,0.01629213249728023
507.33900000000006,0.04581543572118412,0.03235072246046866,0.021871985910676503,0.029269683099730104
507.439,0.039056696954171244,0.0002144169512856564,0.010740786076511992,0.007695199898565041
507.439,0.04951023946179598,0.003934303059077271,0.021717559371426907,0.011415086006356656
507.53900000000004,0.039085145804311404,0.006350583820484035,0.010778008765270096,0.0022857299642311535
507.53900000000004,0.04957999837974547,0.0036027010245407443,0.021774502154383448,0.005033612760174444
507.639,0.03033279576715456,0.003303957347197794,0.010774006093270618,0.002528374172753756
507.639,0.04045731706038619,0.00584529202320705,0.021769494516161694,0.00506970884876301
507.73900000000003,0.030353482412950904,0.0033493446806351916,0.010771069881067016,0.00288352251568047
507.73900000000003,0.04049074876747845,0.005837004923204825,0.021766597257383825,0.005371182758250104
507.83900000000006,0.03284103835184396,0.0035633605269038693,0.01077633153816881,0.0014606487522774714
507.83900000000006,0.043557410584284084,0.004164940025232378,0.02177144950743511,0.0020622282506059797
507.939,0.03285269583410873,0.0019650517824953972,0.010780192341388902,9.688304182620122e-05
507.939,0.0435681505990321,0.0022692073879626573,0.021777026033463587,0.0004010386472934613
508.03900000000004,0.0351750678981264,0.0015302460785049377,0.010779086058616532,0.0003322705466244358
508.03900000000004,0.04592866476830825,0.0014338121943489046,0.021781137585018144,0.00023583666246840274
508.139,0.035187169946456584,0.0010937692720800476,0.010783651462724527,0.00033327299726848553
508.139,0.04593387337777158,0.0008209559639049679,0.021780876442365562,0.000606086305443565
508.23900000000003,0.04189939064997432,0.003049717253608142,0.01078049767285708,0.0004450346521736037
508.23900000000003,0.05285891857491797,0.004787048319638609,0.02178322487240506,0.002182365718204071
508.33900000000006,0.04189653877073544,0.004368463497890217,0.010782289241115212,0.002188771349379559
508.33900000000006,0.052854504734462744,0.005790451502047489,0.02178534612933022,0.00361075935353683
508.439,0.0373778699622243,0.002660616284407169,0.01078299324786558,0.0006835939477629616
508.439,0.04835794821983243,0.0023245613176965385,0.021782091109930523,0.0010196489144735923
508.53900000000004,0.03738265408866292,0.0032773282009705973,0.010778959007879417,0.0004853530891253399
508.53900000000004,0.04836439603802826,0.0025985685776621636,0.021781417484114874,0.0011641127124337736
508.639,0.0354582727174531,0.0009188698778757055,0.010781137837584564,0.0006583932030734818
508.639,0.04645780830343999,0.00018246641941099817,0.02178359023761856,0.0017597295003601854
508.73900000000003,0.03546527505235553,0.00043576519549581866,0.010782393833372608,0.0014029116729299407
508.73900000000003,0.04646456075614743,0.0007458427653002087,0.02178532825453498,0.002584519633725968
508.83900000000006,0.02962928465811231,0.004908550482265461,0.010782182393315144,0.0008424092037835339
508.83900000000006,0.04059955418015408,0.003973613728693204,0.02178229895364586,0.0017773459573557913
508.939,0.029623052445751103,0.0049271698027644195,0.010781659301877702,0.001141315873496751
508.939,0.04059787384289692,0.003849838780034531,0.0217823313157401,0.002218646896226639
509.03900000000004,0.040575198273495185,0.0024729808979746526,0.01078090821613871,0.0008463529956095339
509.03900000000004,0.051575001970156034,0.003566933548029949,0.02178203328824393,0.0019403056456648304
509.139,0.040579364291905756,0.002698838821485694,0.01078227871747845,0.001407343262290306
509.139,0.051579344447492445,0.003985340433291461,0.021783787887478,0.0026938448740960745
509.23900000000003,0.021527385681956328,0.008298608309619704,0.010781223547672109,0.0008525896115174625
509.23900000000003,0.032526303392253444,0.008505189977333849,0.021781295837988483,0.0006460079438033173
509.33900000000006,0.021531856459157915,0.009836469677606319,0.010778894343836687,0.0009739138592812502
509.33900000000006,0.032529049401567915,0.01028480222548489,0.021778457983737568,0.0014222464071598215
509.439,0.03321053867859303,0.0010005746955850103,0.010780468550830662,0.00031745301706664897
509.439,0.04419320168915066,0.00013572442628206896,0.021780791652786662,0.0011823032863695904
509.53900000000004,0.03321372158149555,5.0950995452936354e-05,0.010781856774780257,0.0011196987897268418
509.53900000000004,0.04419580213632702,0.000995320795936783,0.02178290079780703,0.0020640685902106877
509.639,0.04012015358309261,0.0009731454432773123,0.010780943830908515,0.0007405415231203083
509.639,0.05107701857906457,0.0016075954672092332,0.021782158944279453,0.0013749915470522287
509.73900000000003,0.04012108326514265,0.0006788417217480358,0.010781328306496547,0.00047373276498952066
509.73900000000003,0.0510772919344665,0.0011690024145138977,0.021782373392983518,0.0009638934577553827
509.83900000000006,0.032158000655616414,0.0014403598808057083,0.010781041934595625,0.0005485262795854595
509.83900000000006,0.04309795406359457,0.0009659623762487968,0.02178226820394418,0.001022923784142371
509.939,0.03216414841556957,0.0014875164207517333,0.010781039620910236,0.00039437545358889103
509.939,0.043101647868557705,0.0009720129636716646,0.02178161357589354,0.0009098789106689598
510.03900000000004,0.04151798320756412,0.0009727613867254181,0.010780530144722576,0.0005095234835532646
510.03900000000004,0.052427578594315356,0.0009118307677360438,0.021780321812901304,0.000570454102542639
510.139,0.041521484353616744,0.001420582628087086,0.010779868773276228,0.00014049896940693252
510.139,0.05243078080796431,0.001185130445465532,0.021779981565712397,9.495321321462136e-05
510.23900000000003,0.038815571957145176,0.000270698230788069,0.010780667239893557,0.0005142929665478136
510.23900000000003,0.04967583997722778,0.00014200000457087472,0.02178140009805573,0.0009269912019067572
510.33900000000006,0.038817759234853026,0.0002806266362080922,0.01078061432066218,0.0002265305110968896
510.33900000000006,0.04967705294483035,0.00012087764875401418,0.021781419015837532,0.000628034796058996
510.439,0.0356906362649686,0.0005853867560043913,0.010781249974985037,0.0006626089151793302
510.439,0.04654125662673794,0.0015494797003288152,0.021782981203220378,0.0016267018595037541
510.53900000000004,0.03569053156256468,0.0010006045599677549,0.010781570987533786,0.0009796421965246882
510.53900000000004,0.04653873408980242,0.0018959740901558497,0.02178316569943684,0.001875011726712783
510.639,0.03179832874537126,0.000504281296156428,0.010781375719441636,0.0008616155782850132
510.639,0.042624596163862424,0.0004229898134837651,0.021782912675790907,0.0017888866879252063
510.73900000000003,0.03180364621404485,0.000463793769000187,0.010781519496885657,0.0009237231865015795
510.73900000000003,0.04262625422623574,0.00048600227578199373,0.021783088253733537,0.0018735192312837603
510.83900000000006,0.03199896316923488,0.0007275681320340066,0.010781642265722204,0.0009501402162004347
510.83900000000006,0.04280197558606694,0.0017777498084829981,0.021783520186829726,0.002000321892649426
510.939,0.03199906198568846,0.0008378057358826574,0.010781974041402048,0.0010911256739334352
510.939,0.042799180838770635,0.0019524291577426303,0.021783925228283527,0.002205749095793408
511.03900000000004,0.03260293337711537,0.003887768401074077,0.010781581743916732,0.00102565054626913
511.03900000000004,0.043301405663623525,0.0037683602550111495,0.021781710665058397,0.0011450586923320571
511.139,0.032628445254070236,0.005167335960095221,0.010779060735948007,0.0008157117862972463
511.139,0.043322437673486015,0.005514302691375317,0.02177860406648856,0.0011626785175773424
511.23900000000003,0.03423666394003951,0.004993918015945509,0.010780494245271357,0.0005505260214262453
511.23900000000003,0.044846073458017124,0.004725339576660659,0.02178067810370058,0.0008191044607110953
511.33900000000006,0.03426834851286455,0.005121165725123777,0.010779233973442048,0.0006224785268345023
511.33900000000006,0.04487168479862438,0.005635209226183324,0.02177870352395033,0.001136522027894049
511.439,0.031903478235863265,0.004631505557020299,0.010780968891370783,0.0005237527735213465
511.439,0.0424949355901205,0.003190094875131111,0.02178302803157744,0.0019651634554105346
511.53900000000004,0.031934655353685754,0.003392530364373814,0.010782010584497174,0.0011758275070561375
511.53900000000004,0.04251290195480655,0.002581767846352667,0.02178362569220654,0.001986590025077284
511.639,0.0339859100701202,0.003822348064501435,0.010781799496417749,0.000955665881283263
511.639,0.04459539425853218,0.0024331590142760984,0.02178402530826855,0.0023448549315086
511.73900000000003,0.03401472224366711,0.0033283331155782303,0.010782400839294501,0.001420899894385208
511.73900000000003,0.04461137993393081,0.001966267684301748,0.021784759413713075,0.0027829653256616904
511.83900000000006,0.03571313199876568,0.09054939739089529,0.010695615217747268,0.0025637915562295444
511.83900000000006,0.046548622270380716,0.10234940301714057,0.02171836162307782,0.014363797182474825
511.939,0.03496665989953896,0.10340437371634303,0.010209878278409712,0.020321648834021877
511.939,0.04503654708729925,0.12385931295352572,0.02042689468005795,0.040776588071204545
512.039,0.02952578539851377,0.0081618538120114,0.009402894016279122,0.012690957665243863
512.039,0.038406614238931734,0.00918743717488102,0.018542108895265377,0.013716541028113483
512.139,0.02861703220956318,0.008979320910405875,0.008431295243069358,0.003915451167150863
512.139,0.03672282340276182,0.013767695226164278,0.01678012998228227,0.008703825482909266
512.239,0.03426591542310636,0.0060917282145041,0.007910271954618587,0.0037672958169603366
512.239,0.04207518626567068,0.00748729521469027,0.015826499322780532,0.005162862817146507
512.339,0.03374576656694732,0.0028075056796157405,0.007376233995624507,2.760846117033644e-05
512.339,0.040904507748961406,0.003459154223068861,0.014639063548524584,0.000679257004623457
512.4390000000001,0.02759966452481248,0.0037806525575621026,0.00666836394127687,0.0007828481164888769
512.4390000000001,0.033940975050518116,0.005242356596871777,0.013111235275065745,0.0006788559228207981
512.539,0.026971382594240926,0.006664888780862021,0.006038083941437497,0.003624642955208701
512.539,0.03276055186516919,0.009578431736178228,0.011929668228662498,0.006538185910524907
512.639,0.03281232128400828,0.0017831532045360365,0.00566279670219912,0.0015141012732922121
512.639,0.03839923388801275,0.0030886305970743155,0.011316143515943953,0.002819578665830491
512.739,0.03249712964989177,0.0009621790500327075,0.005340449620467127,0.0016764153324033693
512.739,0.03761619790290569,0.0028413255731394305,0.010524585795803868,0.0035555618555100925
512.839,0.03883009046952311,0.0012032380785256258,0.005016993761051533,0.0015355670742720484
512.839,0.043797940706438165,0.002359638371635109,0.010032110831713072,0.0026919673673815314
512.9390000000001,0.03859119463708376,0.0006229542668700905,0.004774077118889926,0.0010459504520328178
512.9390000000001,0.04315296964170202,0.0019469839470931394,0.009381369956700218,0.002369980132255867
513.039,0.02676562459838754,0.002025267975840128,0.00467151018094199,0.0014737723604367758
513.039,0.03106548083968638,0.0006490325476400384,0.009038166261399408,0.004148072883916942
513.139,0.02556102075745858,0.00025340824106878657,0.003436134270389165,0.004006230026860846
513.139,0.0289811643736886,0.003333211746399556,0.006921180500563492,0.007592850014329189
513.239,0.017858833761342254,0.003765259229899343,0.001867269483900655,0.002457201035205525
513.239,0.01806274945415376,0.006131831654298425,0.0020806173610492633,0.004823773459604608
513.339,0.016091301953268612,0.0021396127641550855,1.8580726725689571e-06,0.0006107857666377557
513.339,0.01608936460821852,0.0007168900731231442,1.2995003155911893e-07,0.0008119369243941854
513.4390000000001,0.027590473730931632,0.00490725450885976,3.1180216013989148e-06,0.0007508753567011528
513.4390000000001,0.02759450394214863,0.004115022817672731,1.0083418883979135e-06,4.1356334485875834e-05
513.539,0.02759328693190323,0.003198980633744908,2.282937370024272e-06,0.0007067057038090407
513.539,0.027593276047513843,0.0035417835005524534,2.2697655377364715e-06,0.00036390283700149517
513.639,0.026362701163626084,0.006144096481783824,1.1104895674966427e-06,0.0005491461533329023
513.639,0.026366520422674976,0.006062655415924434,3.0956229308328316e-06,0.00046770508747351336
513.739,0.026362825384302947,0.005583762400373171,1.762433247439965e-06,0.0003801471002902179
513.739,0.02636667522855927,0.005539362316574925,2.2882750568371446e-06,0.00042454718408846404
513.839,0.029391417899209946,0.004826654966601396,3.186137439774498e-06,0.00024600534955476755
513.839,0.029388461477213197,0.0049266361218427415,4.5622171748992415e-07,0.00034598650479611415
513.9390000000001,0.029391267067201708,0.004751562231694262,3.0541161884198247e-06,0.00014102919172631623
513.9390000000001,0.02939008601264801,0.004642492829315614,1.8690006141496645e-06,0.0002500985941049638
514.039,0.02991100166067482,0.003696301776048294,9.98087487708227e-07,6.813083973677969e-05
514.039,0.029914176355459805,0.0037907901225782137,2.2408242506339215e-06,0.00016261918626669927
514.139,0.02991190085826649,0.003765724221376665,2.7289799778979957e-06,2.258971295954204e-05
514.139,0.02991151834978726,0.0036957270837048024,2.3773727953082624e-06,9.258685063140426e-05
514.239,0.029765137421384442,0.003768080176289823,8.000508517407693e-07,3.947202524834381e-07
514.239,0.029765085566460688,0.0038170387766662817,8.654097447839342e-07,4.9353320628942043e-05
514.339,0.029764534596917677,0.003833850201456324,1.1834835716617254e-06,1.1207989782047179e-05
